variant_name,pipeline_variant,mechanism,missing_intensity,benchmark_key,benchmark_label,preset_name,source_summary_path,aggregation_mode,ci_level,n_seeds,seed_list,commit_hash,generated_at,rmse_mean,rmse_std,rmse_ci_low,rmse_ci_high,rmse_best_single_seed,mae_mean,mae_std,mae_ci_low,mae_ci_high,mae_best_single_seed,crps_mean,crps_std,crps_ci_low,crps_ci_high,crps_best_single_seed,log_score_mean,log_score_std,log_score_ci_low,log_score_ci_high,log_score_best_single_seed,gaussian_coverage_mean,gaussian_coverage_std,gaussian_coverage_ci_low,gaussian_coverage_ci_high,gaussian_coverage_best_single_seed,calibration_error_mean,calibration_error_std,calibration_error_ci_low,calibration_error_ci_high,calibration_error_best_single_seed,gap_rmse_mean,gap_rmse_std,gap_rmse_ci_low,gap_rmse_ci_high,gap_rmse_best_single_seed,gap_crps_mean,gap_crps_std,gap_crps_ci_low,gap_crps_ci_high,gap_crps_best_single_seed,gap_fraction_mean,gap_fraction_std,gap_fraction_ci_low,gap_fraction_ci_high,gap_fraction_best_single_seed,mean_synthetic_missingness_probability_mean,mean_synthetic_missingness_probability_std,mean_synthetic_missingness_probability_ci_low,mean_synthetic_missingness_probability_ci_high,mean_synthetic_missingness_probability_best_single_seed,mean_predicted_missingness_probability_mean,mean_predicted_missingness_probability_std,mean_predicted_missingness_probability_ci_low,mean_predicted_missingness_probability_ci_high,mean_predicted_missingness_probability_best_single_seed
full_joint_jvi_training,gp_plus_joint_generative_jvi_training,mar,0.300000,large_joint,Joint Korea Large,large,C:\Programming Prctice\outputs\benchmark_joint_q1_large\summary.json,multi_seed_mean_with_percentile_bootstrap_ci,0.95,5,"7,11,19,23,29",1a2a07695c53adf3fbb798818d9935e58e70517c,2026-03-17T11:28:32+00:00,9.743982,3.442433,7.093140,12.394825,6.728375,8.977075,3.641310,6.174733,11.779417,5.727337,8.171647,3.853749,5.215302,11.129868,4.873431,31.515781,13.026724,21.763265,41.268298,13.575745,0.118945,0.125751,0.036816,0.230151,0.328613,0.781055,0.125751,0.669849,0.862671,0.571387,9.722700,3.383929,7.118765,12.255682,6.766843,8.182801,3.854820,5.228465,11.157814,4.884727,0.298901,0.005075,0.294873,0.302930,0.304321,0.300000,0.000000,0.300000,0.300000,0.300000,0.396735,0.067908,0.349704,0.453739,0.501295
full_joint_jvi_training,gp_plus_joint_generative_jvi_training,mar,0.500000,large_joint,Joint Korea Large,large,C:\Programming Prctice\outputs\benchmark_joint_q1_large\summary.json,multi_seed_mean_with_percentile_bootstrap_ci,0.95,5,"7,11,19,23,29",1a2a07695c53adf3fbb798818d9935e58e70517c,2026-03-17T11:28:32+00:00,8.774166,2.578038,6.832040,10.750942,5.738058,8.077956,2.610881,6.032255,10.049696,4.992316,6.969333,2.604369,4.872861,8.903836,3.577571,24.342259,17.077752,11.102667,37.581851,3.768541,0.189575,0.240119,0.055908,0.406153,0.612549,0.710425,0.240119,0.495215,0.845459,0.287451,8.758062,2.601557,6.796940,10.719185,5.715444,6.960539,2.625351,4.789417,8.904875,3.559565,0.502148,0.005464,0.498169,0.506323,0.508301,0.500000,0.000000,0.500000,0.500000,0.500000,0.549930,0.089349,0.475508,0.616217,0.659022
full_joint_jvi_training,gp_plus_joint_generative_jvi_training,mar,0.700000,large_joint,Joint Korea Large,large,C:\Programming Prctice\outputs\benchmark_joint_q1_large\summary.json,multi_seed_mean_with_percentile_bootstrap_ci,0.95,5,"7,11,19,23,29",1a2a07695c53adf3fbb798818d9935e58e70517c,2026-03-17T11:28:32+00:00,10.107282,1.745760,8.718076,11.585351,7.825487,9.456247,1.762478,8.082483,10.974504,7.132650,8.246085,1.344622,7.225179,9.264361,6.583863,22.278495,16.679649,12.075793,37.348465,11.120311,0.056152,0.040042,0.025220,0.086719,0.093750,0.843848,0.040042,0.813281,0.874780,0.806250,10.094201,1.731456,8.712417,11.604145,7.822215,8.232332,1.330794,7.218548,9.329290,6.583729,0.701269,0.004248,0.697915,0.704370,0.705688,0.700000,0.000000,0.700000,0.700000,0.700000,0.677994,0.068175,0.622717,0.732617,0.768236
full_joint_jvi_training,gp_plus_joint_generative_jvi_training,state_dependent_mnar,0.300000,large_joint,Joint Korea Large,large,C:\Programming Prctice\outputs\benchmark_joint_q1_large\summary.json,multi_seed_mean_with_percentile_bootstrap_ci,0.95,5,"7,11,19,23,29",1a2a07695c53adf3fbb798818d9935e58e70517c,2026-03-17T11:28:32+00:00,8.127078,2.700561,5.987685,10.194208,4.842516,7.201926,2.925399,5.097129,9.369030,3.723825,6.584199,2.930469,4.261456,8.717108,3.160321,39.497825,26.961247,18.007030,59.468117,7.668797,0.113867,0.145379,0.008716,0.232666,0.305054,0.786133,0.145379,0.668725,0.891284,0.594946,8.002457,2.692018,5.860577,10.020707,4.749811,6.491018,2.918866,4.185524,8.627169,3.093582,0.298267,0.006332,0.293042,0.302857,0.305176,0.300000,0.000000,0.300000,0.300000,0.300000,0.311152,0.050183,0.268750,0.343830,0.356578
full_joint_jvi_training,gp_plus_joint_generative_jvi_training,state_dependent_mnar,0.500000,large_joint,Joint Korea Large,large,C:\Programming Prctice\outputs\benchmark_joint_q1_large\summary.json,multi_seed_mean_with_percentile_bootstrap_ci,0.95,5,"7,11,19,23,29",1a2a07695c53adf3fbb798818d9935e58e70517c,2026-03-17T11:28:32+00:00,10.009627,2.551424,8.037738,11.981515,6.964843,9.320499,2.686996,7.239016,11.401983,6.157011,8.360302,2.651159,6.258228,10.403074,4.969017,27.658432,12.104138,17.682780,35.565567,7.824963,0.069678,0.100372,0.009790,0.159961,0.242798,0.830322,0.100372,0.740039,0.890210,0.657202,9.932657,2.516024,7.994122,11.871192,6.881649,8.279111,2.607220,6.273729,10.284492,4.937523,0.494190,0.002644,0.492139,0.496240,0.496704,0.499599,0.000000,0.499599,0.499599,0.499599,0.453318,0.140546,0.359738,0.568473,0.675903
full_joint_jvi_training,gp_plus_joint_generative_jvi_training,state_dependent_mnar,0.700000,large_joint,Joint Korea Large,large,C:\Programming Prctice\outputs\benchmark_joint_q1_large\summary.json,multi_seed_mean_with_percentile_bootstrap_ci,0.95,5,"7,11,19,23,29",1a2a07695c53adf3fbb798818d9935e58e70517c,2026-03-17T11:28:32+00:00,9.828481,2.274055,8.150482,11.659306,6.996489,9.150007,2.324223,7.451270,11.051925,6.222460,7.968896,2.087551,6.550819,9.893678,5.696773,26.435385,21.991331,12.008831,45.502730,7.213410,0.111084,0.066554,0.060522,0.163769,0.196777,0.788916,0.066554,0.732544,0.839478,0.703223,9.738583,2.253435,8.079730,11.600447,6.910357,7.894158,2.101778,6.470548,9.598818,5.633952,0.683691,0.003706,0.681372,0.686816,0.689941,0.685218,0.000000,0.685218,0.685218,0.685218,0.715672,0.053537,0.674091,0.762937,0.799422
full_joint_jvi_training,gp_plus_joint_generative_jvi_training,value_dependent_mnar,0.300000,large_joint,Joint Korea Large,large,C:\Programming Prctice\outputs\benchmark_joint_q1_large\summary.json,multi_seed_mean_with_percentile_bootstrap_ci,0.95,5,"7,11,19,23,29",1a2a07695c53adf3fbb798818d9935e58e70517c,2026-03-17T11:28:32+00:00,9.059990,3.325447,6.639388,11.640746,5.643650,8.237347,3.539574,5.670354,11.318181,4.620874,7.416213,3.534034,4.788891,10.382806,4.101150,35.052741,9.483580,26.647478,41.333966,19.649380,0.148242,0.143955,0.050513,0.271533,0.378418,0.751758,0.143955,0.628467,0.849487,0.521582,9.244586,3.297236,6.843487,12.100130,5.900985,7.563175,3.497441,4.960878,10.489125,4.312156,0.298218,0.004975,0.294262,0.302173,0.303101,0.300000,0.000000,0.300000,0.300000,0.300000,0.312910,0.125970,0.218823,0.406250,0.459697
full_joint_jvi_training,gp_plus_joint_generative_jvi_training,value_dependent_mnar,0.500000,large_joint,Joint Korea Large,large,C:\Programming Prctice\outputs\benchmark_joint_q1_large\summary.json,multi_seed_mean_with_percentile_bootstrap_ci,0.95,5,"7,11,19,23,29",1a2a07695c53adf3fbb798818d9935e58e70517c,2026-03-17T11:28:32+00:00,9.739909,3.662659,6.997334,12.482485,4.960706,9.016840,3.780831,6.167994,11.964110,4.135802,8.041792,3.543404,5.330098,10.753486,3.642083,25.500633,13.827279,15.569810,37.209366,15.041035,0.118408,0.089556,0.053150,0.189990,0.238037,0.781592,0.089556,0.707300,0.846850,0.661963,9.961543,3.655656,7.229487,12.836234,5.173515,8.176366,3.520421,5.480463,10.872759,3.813381,0.500366,0.004564,0.496948,0.503979,0.505981,0.500000,0.000000,0.500000,0.500000,0.500000,0.496437,0.063184,0.449937,0.549520,0.580110
full_joint_jvi_training,gp_plus_joint_generative_jvi_training,value_dependent_mnar,0.700000,large_joint,Joint Korea Large,large,C:\Programming Prctice\outputs\benchmark_joint_q1_large\summary.json,multi_seed_mean_with_percentile_bootstrap_ci,0.95,5,"7,11,19,23,29",1a2a07695c53adf3fbb798818d9935e58e70517c,2026-03-17T11:28:33+00:00,12.344721,2.959323,10.032371,14.657071,8.518361,11.675226,2.990591,9.337187,14.013265,7.823089,9.284737,2.682868,7.246085,11.323389,5.719595,7.198721,2.354494,5.344156,9.053285,4.325680,0.210791,0.169612,0.086868,0.350464,0.448486,0.689209,0.169612,0.547901,0.813745,0.451514,12.534798,2.960933,10.221628,14.847967,8.710219,9.404948,2.688997,7.363211,11.446685,5.833188,0.699414,0.004280,0.696143,0.702685,0.703857,0.700000,0.000000,0.700000,0.700000,0.700000,0.651085,0.069375,0.590023,0.692927,0.703645
gp_only,base_gp_only,mar,0.300000,large_joint,Joint Korea Large,large,C:\Programming Prctice\outputs\benchmark_joint_q1_large\summary.json,multi_seed_mean_with_percentile_bootstrap_ci,0.95,5,"7,11,19,23,29",1a2a07695c53adf3fbb798818d9935e58e70517c,2026-03-17T11:28:33+00:00,16.634555,0.189190,16.496627,16.789439,16.491611,15.955290,0.197200,15.811516,16.116483,15.806285,14.791097,0.198515,14.648045,14.952487,14.641109,34.140794,0.870902,33.477057,34.824925,33.301079,0.000000,0.000000,0.000000,0.000000,0.000000,0.900000,0.000000,0.900000,0.900000,0.900000,16.601601,0.213861,16.432043,16.766808,16.381445,14.762662,0.216481,14.590214,14.931415,14.541587,0.298901,0.005075,0.294873,0.302930,0.304321,0.300000,0.000000,0.300000,0.300000,0.300000,0.000000,0.000000,0.000000,0.000000,0.000000
gp_only,base_gp_only,mar,0.500000,large_joint,Joint Korea Large,large,C:\Programming Prctice\outputs\benchmark_joint_q1_large\summary.json,multi_seed_mean_with_percentile_bootstrap_ci,0.95,5,"7,11,19,23,29",1a2a07695c53adf3fbb798818d9935e58e70517c,2026-03-17T11:28:33+00:00,16.784567,0.157729,16.663348,16.894976,16.544041,16.111652,0.164350,15.985572,16.226682,15.860980,15.024134,0.165482,14.895421,15.140540,14.770018,39.491026,0.858996,38.721184,40.090474,38.176685,0.000000,0.000000,0.000000,0.000000,0.000000,0.900000,0.000000,0.900000,0.900000,0.900000,16.749860,0.167389,16.600989,16.868176,16.494488,14.989022,0.179835,14.828645,15.114207,14.710426,0.502148,0.005464,0.497974,0.506323,0.508301,0.500000,0.000000,0.500000,0.500000,0.500000,0.000000,0.000000,0.000000,0.000000,0.000000
gp_only,base_gp_only,mar,0.700000,large_joint,Joint Korea Large,large,C:\Programming Prctice\outputs\benchmark_joint_q1_large\summary.json,multi_seed_mean_with_percentile_bootstrap_ci,0.95,5,"7,11,19,23,29",1a2a07695c53adf3fbb798818d9935e58e70517c,2026-03-17T11:28:33+00:00,17.005563,0.053312,16.966582,17.051342,16.954275,16.341798,0.055473,16.301236,16.389431,16.288425,15.504644,0.055120,15.463801,15.551353,15.447691,67.013940,1.712166,65.717920,68.340918,64.830734,0.000000,0.000000,0.000000,0.000000,0.000000,0.900000,0.000000,0.900000,0.900000,0.900000,16.984437,0.070152,16.932990,17.038026,16.915709,15.485602,0.070300,15.432993,15.543317,15.423453,0.701269,0.004248,0.697607,0.704370,0.705688,0.700000,0.000000,0.700000,0.700000,0.700000,0.000000,0.000000,0.000000,0.000000,0.000000
gp_only,base_gp_only,state_dependent_mnar,0.300000,large_joint,Joint Korea Large,large,C:\Programming Prctice\outputs\benchmark_joint_q1_large\summary.json,multi_seed_mean_with_percentile_bootstrap_ci,0.95,5,"7,11,19,23,29",1a2a07695c53adf3fbb798818d9935e58e70517c,2026-03-17T11:28:33+00:00,16.484017,0.119722,16.400446,16.590109,16.388737,15.798328,0.124893,15.711141,15.908997,15.698917,14.632802,0.126620,14.544084,14.740756,14.533049,33.479221,0.569527,33.059879,33.944061,32.998875,0.000000,0.000000,0.000000,0.000000,0.000000,0.900000,0.000000,0.900000,0.900000,0.900000,16.303890,0.175547,16.172903,16.443409,16.141031,14.456989,0.176057,14.324119,14.596732,14.299761,0.298267,0.006332,0.292676,0.302857,0.305176,0.300000,0.000000,0.300000,0.300000,0.300000,0.000000,0.000000,0.000000,0.000000,0.000000
gp_only,base_gp_only,state_dependent_mnar,0.500000,large_joint,Joint Korea Large,large,C:\Programming Prctice\outputs\benchmark_joint_q1_large\summary.json,multi_seed_mean_with_percentile_bootstrap_ci,0.95,5,"7,11,19,23,29",1a2a07695c53adf3fbb798818d9935e58e70517c,2026-03-17T11:28:33+00:00,16.876599,0.083677,16.817300,16.947608,16.793005,16.207544,0.087118,16.148788,16.278572,16.120497,15.109447,0.094937,15.044634,15.192643,15.016816,39.188784,0.987657,38.538986,40.052480,38.434612,0.000000,0.000000,0.000000,0.000000,0.000000,0.900000,0.000000,0.900000,0.900000,0.900000,16.650234,0.072956,16.601185,16.713478,16.566622,14.884534,0.086925,14.823947,14.960316,14.785116,0.494190,0.002644,0.492139,0.496240,0.496704,0.499599,0.000000,0.499599,0.499599,0.499599,0.000000,0.000000,0.000000,0.000000,0.000000
gp_only,base_gp_only,state_dependent_mnar,0.700000,large_joint,Joint Korea Large,large,C:\Programming Prctice\outputs\benchmark_joint_q1_large\summary.json,multi_seed_mean_with_percentile_bootstrap_ci,0.95,5,"7,11,19,23,29",1a2a07695c53adf3fbb798818d9935e58e70517c,2026-03-17T11:28:33+00:00,16.983094,0.087471,16.921036,17.049856,16.889296,16.318404,0.091026,16.253821,16.387873,16.220779,15.446016,0.098437,15.373874,15.521306,15.344316,61.699805,1.899684,60.427449,63.413038,60.352871,0.000000,0.000000,0.000000,0.000000,0.000000,0.900000,0.000000,0.900000,0.900000,0.900000,16.786971,0.066342,16.735668,16.838274,16.713894,15.250004,0.081332,15.188943,15.311065,15.163224,0.683691,0.003706,0.681372,0.686816,0.689941,0.685218,0.000000,0.685218,0.685218,0.685218,0.000000,0.000000,0.000000,0.000000,0.000000
gp_only,base_gp_only,value_dependent_mnar,0.300000,large_joint,Joint Korea Large,large,C:\Programming Prctice\outputs\benchmark_joint_q1_large\summary.json,multi_seed_mean_with_percentile_bootstrap_ci,0.95,5,"7,11,19,23,29",1a2a07695c53adf3fbb798818d9935e58e70517c,2026-03-17T11:28:33+00:00,16.577332,0.251113,16.392609,16.779455,16.297001,15.895562,0.261826,15.702901,16.106253,15.603127,14.767215,0.267231,14.568453,14.963209,14.464444,35.979884,1.383708,34.856953,37.006439,34.218674,0.000000,0.000000,0.000000,0.000000,0.000000,0.900000,0.000000,0.900000,0.900000,0.900000,16.730028,0.344160,16.467069,17.025383,16.315720,14.816955,0.363086,14.545173,15.098299,14.386114,0.298218,0.004975,0.294262,0.302173,0.303101,0.300000,0.000000,0.300000,0.300000,0.300000,0.000000,0.000000,0.000000,0.000000,0.000000
gp_only,base_gp_only,value_dependent_mnar,0.500000,large_joint,Joint Korea Large,large,C:\Programming Prctice\outputs\benchmark_joint_q1_large\summary.json,multi_seed_mean_with_percentile_bootstrap_ci,0.95,5,"7,11,19,23,29",1a2a07695c53adf3fbb798818d9935e58e70517c,2026-03-17T11:28:34+00:00,16.681305,0.161141,16.560664,16.803018,16.506027,16.004046,0.167936,15.878296,16.135455,15.821323,15.002281,0.172295,14.870778,15.139415,14.799242,45.659458,1.791798,44.125945,46.965905,43.020031,0.000000,0.000000,0.000000,0.000000,0.000000,0.900000,0.000000,0.900000,0.900000,0.900000,16.875310,0.170162,16.739876,17.002151,16.673721,15.095394,0.182473,14.944699,15.230961,14.857394,0.500366,0.004564,0.496802,0.503979,0.505981,0.500000,0.000000,0.500000,0.500000,0.500000,0.000000,0.000000,0.000000,0.000000,0.000000
gp_only,base_gp_only,value_dependent_mnar,0.700000,large_joint,Joint Korea Large,large,C:\Programming Prctice\outputs\benchmark_joint_q1_large\summary.json,multi_seed_mean_with_percentile_bootstrap_ci,0.95,5,"7,11,19,23,29",1a2a07695c53adf3fbb798818d9935e58e70517c,2026-03-17T11:28:34+00:00,16.717117,0.038341,16.687729,16.746728,16.681059,16.041423,0.039955,16.010799,16.073263,16.003845,15.506420,0.048442,15.469850,15.542989,15.444901,156.506412,7.920160,149.373328,161.027576,142.661743,0.000000,0.000000,0.000000,0.000000,0.000000,0.900000,0.000000,0.900000,0.900000,0.900000,16.900367,0.045246,16.859006,16.929319,16.825188,15.588094,0.052970,15.540713,15.619452,15.496368,0.699414,0.004280,0.696143,0.702685,0.703857,0.700000,0.000000,0.700000,0.700000,0.700000,0.000000,0.000000,0.000000,0.000000,0.000000
homogeneous_missingness,gp_plus_homogeneous_missingness,mar,0.300000,large_joint,Joint Korea Large,large,C:\Programming Prctice\outputs\benchmark_joint_q1_large\summary.json,multi_seed_mean_with_percentile_bootstrap_ci,0.95,5,"7,11,19,23,29",1a2a07695c53adf3fbb798818d9935e58e70517c,2026-03-17T11:28:34+00:00,16.548848,0.133223,16.449888,16.656098,16.405849,15.865954,0.138944,15.760881,15.977802,15.716784,14.638539,0.166823,14.504128,14.779432,14.407463,33.069335,1.045068,32.217656,33.884207,31.662458,0.004175,0.008040,0.000000,0.011548,0.018433,0.895825,0.008040,0.888452,0.900000,0.881567,16.515903,0.116667,16.412974,16.582244,16.312351,14.610373,0.175368,14.462841,14.727680,14.327804,0.298901,0.005075,0.294873,0.302930,0.304321,0.300000,0.000000,0.300000,0.300000,0.300000,0.031134,0.037814,0.003307,0.059673,0.074411
homogeneous_missingness,gp_plus_homogeneous_missingness,mar,0.500000,large_joint,Joint Korea Large,large,C:\Programming Prctice\outputs\benchmark_joint_q1_large\summary.json,multi_seed_mean_with_percentile_bootstrap_ci,0.95,5,"7,11,19,23,29",1a2a07695c53adf3fbb798818d9935e58e70517c,2026-03-17T11:28:34+00:00,16.756307,0.178769,16.618835,16.893779,16.556555,16.082194,0.186275,15.938951,16.216589,15.874030,14.989196,0.190955,14.841930,15.136462,14.780479,39.054649,1.149642,38.176547,39.932751,37.620735,0.000220,0.000491,0.000000,0.000659,0.001099,0.899780,0.000491,0.899341,0.900000,0.898901,16.721655,0.220897,16.545254,16.898056,16.485746,14.954139,0.242055,14.760770,15.147509,14.695745,0.502148,0.005464,0.497974,0.506323,0.508301,0.500000,0.000000,0.500000,0.500000,0.500000,0.001132,0.001119,0.000265,0.001999,0.002391
homogeneous_missingness,gp_plus_homogeneous_missingness,mar,0.700000,large_joint,Joint Korea Large,large,C:\Programming Prctice\outputs\benchmark_joint_q1_large\summary.json,multi_seed_mean_with_percentile_bootstrap_ci,0.95,5,"7,11,19,23,29",1a2a07695c53adf3fbb798818d9935e58e70517c,2026-03-17T11:28:34+00:00,17.002029,0.062430,16.954869,17.048784,16.917658,16.338117,0.064967,16.289037,16.387588,16.250309,15.488586,0.126512,15.388151,15.584217,15.309391,66.406248,2.302352,64.671948,68.172032,64.166641,0.000488,0.001092,0.000000,0.001465,0.002441,0.899512,0.001092,0.898535,0.900000,0.897559,16.980905,0.084110,16.917830,17.047295,16.863981,15.470904,0.152931,15.353306,15.584469,15.248406,0.701269,0.004248,0.697607,0.704370,0.705688,0.700000,0.000000,0.700000,0.700000,0.700000,0.020954,0.031534,0.001155,0.049667,0.073803
homogeneous_missingness,gp_plus_homogeneous_missingness,state_dependent_mnar,0.300000,large_joint,Joint Korea Large,large,C:\Programming Prctice\outputs\benchmark_joint_q1_large\summary.json,multi_seed_mean_with_percentile_bootstrap_ci,0.95,5,"7,11,19,23,29",1a2a07695c53adf3fbb798818d9935e58e70517c,2026-03-17T11:28:34+00:00,16.549348,0.231747,16.376755,16.728691,16.287661,15.866395,0.241680,15.686392,16.068180,15.593371,14.647423,0.170720,14.516666,14.778180,14.425770,32.633705,0.950843,31.814822,33.228256,31.035316,0.004346,0.006971,0.000488,0.010498,0.016602,0.895654,0.006971,0.889502,0.899512,0.883398,16.369208,0.274870,16.163146,16.595279,16.110899,14.481282,0.226105,14.307169,14.657725,14.260494,0.298267,0.006332,0.292676,0.302857,0.305176,0.300000,0.000000,0.300000,0.300000,0.300000,0.024752,0.030098,0.002678,0.047541,0.059896
homogeneous_missingness,gp_plus_homogeneous_missingness,state_dependent_mnar,0.500000,large_joint,Joint Korea Large,large,C:\Programming Prctice\outputs\benchmark_joint_q1_large\summary.json,multi_seed_mean_with_percentile_bootstrap_ci,0.95,5,"7,11,19,23,29",1a2a07695c53adf3fbb798818d9935e58e70517c,2026-03-17T11:28:34+00:00,16.932963,0.151817,16.817722,17.055859,16.789595,16.266193,0.158017,16.146238,16.394095,16.116943,15.180911,0.159612,15.057820,15.305410,15.020248,39.723354,1.023453,38.964953,40.564253,38.885502,0.000488,0.001092,0.000000,0.001465,0.002441,0.899512,0.001092,0.898535,0.900000,0.897559,16.706578,0.137294,16.602386,16.810770,16.563211,14.964287,0.148667,14.850194,15.078381,14.788522,0.494190,0.002644,0.492139,0.496240,0.496704,0.499599,0.000000,0.499599,0.499599,0.499599,0.002223,0.001622,0.000944,0.003446,0.004365
homogeneous_missingness,gp_plus_homogeneous_missingness,state_dependent_mnar,0.700000,large_joint,Joint Korea Large,large,C:\Programming Prctice\outputs\benchmark_joint_q1_large\summary.json,multi_seed_mean_with_percentile_bootstrap_ci,0.95,5,"7,11,19,23,29",1a2a07695c53adf3fbb798818d9935e58e70517c,2026-03-17T11:28:35+00:00,16.984586,0.102344,16.895517,17.066465,16.830042,16.319951,0.106520,16.227239,16.405157,16.159073,15.399801,0.116603,15.313305,15.486297,15.278289,60.752609,1.109428,59.942241,61.656038,59.775433,0.009595,0.017796,0.000464,0.025635,0.041260,0.890405,0.017796,0.874365,0.899536,0.858740,16.788461,0.076390,16.723297,16.842291,16.668488,15.203525,0.094318,15.130568,15.276482,15.097668,0.683691,0.003706,0.681372,0.686816,0.689941,0.685218,0.000000,0.685218,0.685218,0.685218,0.024794,0.034573,0.004700,0.056198,0.084729
homogeneous_missingness,gp_plus_homogeneous_missingness,value_dependent_mnar,0.300000,large_joint,Joint Korea Large,large,C:\Programming Prctice\outputs\benchmark_joint_q1_large\summary.json,multi_seed_mean_with_percentile_bootstrap_ci,0.95,5,"7,11,19,23,29",1a2a07695c53adf3fbb798818d9935e58e70517c,2026-03-17T11:28:35+00:00,16.664247,0.230659,16.491114,16.837381,16.381372,15.986208,0.240428,15.805736,16.174748,15.691231,14.843419,0.250916,14.650486,15.036351,14.557055,36.046910,1.254291,35.060956,37.032864,34.547653,0.004810,0.008833,0.000220,0.012793,0.020508,0.895190,0.008833,0.887207,0.899780,0.879492,16.816372,0.321610,16.572044,17.087554,16.399576,14.891595,0.339546,14.626065,15.166931,14.475849,0.298218,0.004975,0.294531,0.302173,0.303101,0.300000,0.000000,0.300000,0.300000,0.300000,0.008357,0.015447,0.000742,0.022226,0.035915
homogeneous_missingness,gp_plus_homogeneous_missingness,value_dependent_mnar,0.500000,large_joint,Joint Korea Large,large,C:\Programming Prctice\outputs\benchmark_joint_q1_large\summary.json,multi_seed_mean_with_percentile_bootstrap_ci,0.95,5,"7,11,19,23,29",1a2a07695c53adf3fbb798818d9935e58e70517c,2026-03-17T11:28:35+00:00,16.694712,0.180942,16.580964,16.850618,16.548630,16.018006,0.188495,15.899481,16.183723,15.865765,15.010557,0.191786,14.894551,15.179279,14.852005,45.364326,1.354142,44.293290,46.524918,43.635326,0.000976,0.001337,0.000000,0.001953,0.002441,0.899024,0.001337,0.898047,0.900000,0.897559,16.888626,0.177658,16.762617,17.030313,16.716049,15.103806,0.188082,14.971863,15.256529,14.911315,0.500366,0.004564,0.496948,0.503979,0.505981,0.500000,0.000000,0.500000,0.500000,0.500000,0.005253,0.009357,0.000506,0.013745,0.021914
homogeneous_missingness,gp_plus_homogeneous_missingness,value_dependent_mnar,0.700000,large_joint,Joint Korea Large,large,C:\Programming Prctice\outputs\benchmark_joint_q1_large\summary.json,multi_seed_mean_with_percentile_bootstrap_ci,0.95,5,"7,11,19,23,29",1a2a07695c53adf3fbb798818d9935e58e70517c,2026-03-17T11:28:35+00:00,16.733763,0.050163,16.690722,16.770210,16.664482,16.058767,0.052275,16.014162,16.096764,15.986566,15.503681,0.066578,15.452920,15.554441,15.446246,156.068817,10.194060,147.626446,163.209458,140.094589,0.000195,0.000437,0.000000,0.000586,0.000977,0.899805,0.000437,0.899414,0.900000,0.899023,16.916921,0.046630,16.875559,16.949078,16.841618,15.584273,0.072094,15.526905,15.641640,15.502321,0.699414,0.004280,0.696143,0.702685,0.703857,0.700000,0.000000,0.700000,0.700000,0.700000,0.025339,0.033403,0.002751,0.055078,0.077411
joint_generative_missingness,gp_plus_joint_generative_missingness,mar,0.300000,large_joint,Joint Korea Large,large,C:\Programming Prctice\outputs\benchmark_joint_q1_large\summary.json,multi_seed_mean_with_percentile_bootstrap_ci,0.95,5,"7,11,19,23,29",1a2a07695c53adf3fbb798818d9935e58e70517c,2026-03-17T11:28:35+00:00,11.480638,1.359164,10.421423,12.452762,9.806837,10.919140,1.377125,9.858289,11.979991,9.208905,10.008922,1.207932,9.063453,10.954391,8.569824,42.261267,17.107615,28.788113,55.080210,21.997969,0.022144,0.037943,0.001685,0.056787,0.089233,0.877856,0.037943,0.843311,0.898315,0.810767,11.470959,1.395877,10.384760,12.557158,9.743972,10.008933,1.226133,9.049074,10.968793,8.615223,0.298901,0.005075,0.294873,0.302930,0.304321,0.300000,0.000000,0.300000,0.300000,0.300000,0.001669,0.001445,0.000585,0.002753,0.003094
joint_generative_missingness,gp_plus_joint_generative_missingness,mar,0.500000,large_joint,Joint Korea Large,large,C:\Programming Prctice\outputs\benchmark_joint_q1_large\summary.json,multi_seed_mean_with_percentile_bootstrap_ci,0.95,5,"7,11,19,23,29",1a2a07695c53adf3fbb798818d9935e58e70517c,2026-03-17T11:28:35+00:00,10.808197,1.201359,9.849626,11.641446,8.907365,10.236334,1.157834,9.232434,11.060654,8.409309,9.346038,1.114276,8.414720,10.074137,7.496452,45.619266,11.776354,36.170051,54.607864,29.759300,0.048071,0.036903,0.019531,0.076611,0.087524,0.851929,0.036903,0.823389,0.880469,0.812476,10.774982,1.209389,9.688485,11.592066,8.845394,9.317661,1.122780,8.356622,10.041391,7.433747,0.502148,0.005464,0.497974,0.506323,0.508301,0.500000,0.000000,0.500000,0.500000,0.500000,0.000512,0.000796,0.000116,0.001229,0.001932
joint_generative_missingness,gp_plus_joint_generative_missingness,mar,0.700000,large_joint,Joint Korea Large,large,C:\Programming Prctice\outputs\benchmark_joint_q1_large\summary.json,multi_seed_mean_with_percentile_bootstrap_ci,0.95,5,"7,11,19,23,29",1a2a07695c53adf3fbb798818d9935e58e70517c,2026-03-17T11:28:35+00:00,11.475849,2.584390,9.632961,13.656085,8.456368,10.783009,2.616304,8.862401,12.996957,7.786995,9.659899,2.120399,8.005409,11.431486,7.015657,55.827105,67.366847,15.813482,116.967792,9.922470,0.017407,0.018984,0.005542,0.034057,0.049316,0.882593,0.018984,0.865943,0.894458,0.850684,11.464989,2.593122,9.575962,13.489367,8.425076,9.648102,2.136502,8.012145,11.437924,6.977689,0.701269,0.004248,0.697607,0.704297,0.705688,0.700000,0.000000,0.700000,0.700000,0.700000,0.004784,0.008076,0.000114,0.011309,0.018767
joint_generative_missingness,gp_plus_joint_generative_missingness,state_dependent_mnar,0.300000,large_joint,Joint Korea Large,large,C:\Programming Prctice\outputs\benchmark_joint_q1_large\summary.json,multi_seed_mean_with_percentile_bootstrap_ci,0.95,5,"7,11,19,23,29",1a2a07695c53adf3fbb798818d9935e58e70517c,2026-03-17T11:28:35+00:00,10.764449,1.464184,9.606761,11.780251,8.557207,10.168494,1.473915,8.974554,11.183320,7.980946,9.244944,1.516145,8.065360,10.407164,7.118317,47.160953,29.952215,25.696210,71.378242,16.358498,0.050415,0.040159,0.018945,0.080786,0.100098,0.849585,0.040159,0.819324,0.881055,0.799902,10.727285,1.492887,9.562795,11.934772,8.569887,9.192561,1.534379,8.075634,10.344881,7.126908,0.298267,0.006332,0.292676,0.302466,0.305176,0.300000,0.000000,0.300000,0.300000,0.300000,0.001068,0.001096,0.000226,0.001918,0.002534
joint_generative_missingness,gp_plus_joint_generative_missingness,state_dependent_mnar,0.500000,large_joint,Joint Korea Large,large,C:\Programming Prctice\outputs\benchmark_joint_q1_large\summary.json,multi_seed_mean_with_percentile_bootstrap_ci,0.95,5,"7,11,19,23,29",1a2a07695c53adf3fbb798818d9935e58e70517c,2026-03-17T11:28:35+00:00,11.092476,1.901257,9.426534,12.433944,7.999238,10.526819,1.853916,8.866440,11.803552,7.490317,9.888839,1.810728,8.265207,11.211426,6.945036,103.524812,27.583278,82.127899,127.230625,69.095016,0.011548,0.013264,0.001612,0.021850,0.028320,0.888452,0.013264,0.878150,0.898388,0.871680,11.022174,1.874292,9.338448,12.299379,7.988252,9.803911,1.778780,8.257492,11.105574,6.920324,0.494190,0.002644,0.492139,0.496240,0.496704,0.499599,0.000000,0.499599,0.499599,0.499599,0.006035,0.009784,0.000742,0.014689,0.023305
joint_generative_missingness,gp_plus_joint_generative_missingness,state_dependent_mnar,0.700000,large_joint,Joint Korea Large,large,C:\Programming Prctice\outputs\benchmark_joint_q1_large\summary.json,multi_seed_mean_with_percentile_bootstrap_ci,0.95,5,"7,11,19,23,29",1a2a07695c53adf3fbb798818d9935e58e70517c,2026-03-17T11:28:36+00:00,11.269241,1.707238,9.959754,12.578728,9.120262,10.640782,1.718979,9.313053,11.968511,8.567370,9.609601,1.264067,8.598742,10.551531,7.925066,50.438408,35.980641,23.275635,77.601181,10.992002,0.014404,0.017899,0.001196,0.027734,0.034668,0.885596,0.017899,0.872266,0.898804,0.865332,11.210760,1.709135,9.910194,12.521116,9.053685,9.553648,1.276376,8.489766,10.504754,7.835698,0.683691,0.003706,0.681372,0.686816,0.689941,0.685218,0.000000,0.685218,0.685218,0.685218,0.006156,0.007467,0.001073,0.012575,0.018321
joint_generative_missingness,gp_plus_joint_generative_missingness,value_dependent_mnar,0.300000,large_joint,Joint Korea Large,large,C:\Programming Prctice\outputs\benchmark_joint_q1_large\summary.json,multi_seed_mean_with_percentile_bootstrap_ci,0.95,5,"7,11,19,23,29",1a2a07695c53adf3fbb798818d9935e58e70517c,2026-03-17T11:28:36+00:00,10.898042,1.429651,9.626755,11.785411,8.458424,10.258335,1.477524,8.943748,11.213773,7.793926,9.246463,1.455955,8.010953,10.191202,6.858225,36.857411,33.498273,19.526607,66.695712,16.340179,0.030103,0.036221,0.003564,0.060352,0.084229,0.869897,0.036221,0.839526,0.896436,0.815771,11.034744,1.456118,9.729305,11.959859,8.575272,9.314281,1.464472,8.092041,10.300769,6.946321,0.298218,0.004975,0.294531,0.302173,0.303101,0.300000,0.000000,0.300000,0.300000,0.300000,0.009933,0.017446,0.000102,0.026041,0.040375
joint_generative_missingness,gp_plus_joint_generative_missingness,value_dependent_mnar,0.500000,large_joint,Joint Korea Large,large,C:\Programming Prctice\outputs\benchmark_joint_q1_large\summary.json,multi_seed_mean_with_percentile_bootstrap_ci,0.95,5,"7,11,19,23,29",1a2a07695c53adf3fbb798818d9935e58e70517c,2026-03-17T11:28:36+00:00,13.068730,2.695384,11.064265,15.073195,9.478604,12.489321,2.705142,10.477012,14.501630,8.905186,11.074546,2.303791,9.258664,12.764211,7.758702,38.531437,55.633256,12.340974,88.871664,10.419797,0.009985,0.011233,0.001514,0.018774,0.025024,0.890015,0.011233,0.880933,0.898486,0.874976,13.258208,2.683644,11.256271,15.260145,9.677266,11.185761,2.292987,9.407839,12.858811,7.857112,0.500366,0.004564,0.496948,0.503979,0.505981,0.500000,0.000000,0.500000,0.500000,0.500000,0.003130,0.003071,0.000794,0.005608,0.007383
joint_generative_missingness,gp_plus_joint_generative_missingness,value_dependent_mnar,0.700000,large_joint,Joint Korea Large,large,C:\Programming Prctice\outputs\benchmark_joint_q1_large\summary.json,multi_seed_mean_with_percentile_bootstrap_ci,0.95,5,"7,11,19,23,29",1a2a07695c53adf3fbb798818d9935e58e70517c,2026-03-17T11:28:36+00:00,14.897877,1.255561,13.927033,15.868721,13.467130,14.269846,1.241916,13.317058,15.243333,12.854589,15.951859,7.005227,12.272750,22.210745,11.755412,34.940385,10.481659,27.875525,43.565173,24.679785,0.020215,0.040839,0.000391,0.057080,0.093140,0.879785,0.040839,0.842920,0.899609,0.806860,15.067527,1.234779,14.131838,16.020792,13.628838,16.246354,7.460986,12.370056,22.911110,11.832811,0.699414,0.004280,0.696143,0.702685,0.703857,0.700000,0.000000,0.700000,0.700000,0.700000,0.035746,0.047800,0.001614,0.076719,0.106314
joint_variational_missingness,gp_plus_joint_variational_missingness,mar,0.300000,large_joint,Joint Korea Large,large,C:\Programming Prctice\outputs\benchmark_joint_q1_large\summary.json,multi_seed_mean_with_percentile_bootstrap_ci,0.95,5,"7,11,19,23,29",1a2a07695c53adf3fbb798818d9935e58e70517c,2026-03-17T11:28:36+00:00,11.627402,0.832339,10.970642,12.284162,10.761045,11.065325,0.802267,10.429065,11.701585,10.229035,8.949807,1.142678,8.140148,9.899861,7.490698,28.181912,37.211957,8.941294,61.519099,6.696529,0.156811,0.319623,0.008789,0.443384,0.728394,0.743189,0.319623,0.456616,0.891211,0.171606,11.617992,0.848579,10.944305,12.291680,10.692498,8.938315,1.147365,8.080190,9.877173,7.471452,0.298901,0.005075,0.295117,0.302930,0.304321,0.300000,0.000000,0.300000,0.300000,0.300000,0.018828,0.029108,0.000655,0.045427,0.067907
joint_variational_missingness,gp_plus_joint_variational_missingness,mar,0.500000,large_joint,Joint Korea Large,large,C:\Programming Prctice\outputs\benchmark_joint_q1_large\summary.json,multi_seed_mean_with_percentile_bootstrap_ci,0.95,5,"7,11,19,23,29",1a2a07695c53adf3fbb798818d9935e58e70517c,2026-03-17T11:28:36+00:00,11.223970,0.739992,10.662001,11.795167,10.553391,10.692549,0.710641,10.158901,11.243046,10.049580,8.615229,1.540725,7.431761,9.761363,6.554815,61.003395,118.455523,6.241080,167.180615,4.534850,0.197314,0.364698,0.011377,0.526050,0.846558,0.702686,0.364698,0.373950,0.888623,0.053442,11.198165,0.753680,10.624003,11.772328,10.520561,8.601158,1.546095,7.454899,9.747417,6.533025,0.502148,0.005464,0.497974,0.506323,0.508301,0.500000,0.000000,0.500000,0.500000,0.500000,0.005632,0.008063,0.001317,0.012981,0.019869
joint_variational_missingness,gp_plus_joint_variational_missingness,mar,0.700000,large_joint,Joint Korea Large,large,C:\Programming Prctice\outputs\benchmark_joint_q1_large\summary.json,multi_seed_mean_with_percentile_bootstrap_ci,0.95,5,"7,11,19,23,29",1a2a07695c53adf3fbb798818d9935e58e70517c,2026-03-17T11:28:36+00:00,9.517231,1.149263,8.664204,10.402232,8.499927,8.859571,1.169250,8.002684,9.738384,7.914726,7.030559,1.284407,6.065309,7.995810,5.745988,41.661485,74.540586,5.696713,108.811391,4.801916,0.374048,0.324495,0.123999,0.624096,0.682983,0.525952,0.324495,0.275904,0.776001,0.217017,9.508723,1.149416,8.653720,10.386608,8.475722,7.027269,1.274825,6.072330,7.982208,5.757307,0.701269,0.004248,0.697607,0.704370,0.705688,0.700000,0.000000,0.700000,0.700000,0.700000,0.027854,0.019369,0.012508,0.042586,0.050403
joint_variational_missingness,gp_plus_joint_variational_missingness,state_dependent_mnar,0.300000,large_joint,Joint Korea Large,large,C:\Programming Prctice\outputs\benchmark_joint_q1_large\summary.json,multi_seed_mean_with_percentile_bootstrap_ci,0.95,5,"7,11,19,23,29",1a2a07695c53adf3fbb798818d9935e58e70517c,2026-03-17T11:28:36+00:00,11.474976,0.862091,10.803369,12.132629,10.307008,10.902299,0.820345,10.267889,11.536710,9.843520,8.700671,1.650724,7.480916,9.938937,7.426949,33.248415,39.267121,11.073439,68.647617,5.132254,0.284522,0.290866,0.070117,0.516602,0.706055,0.615478,0.290866,0.367871,0.829883,0.193945,11.426945,0.873587,10.764821,12.089245,10.272163,8.701118,1.674868,7.440762,9.961475,7.342377,0.298267,0.006332,0.292676,0.302783,0.305176,0.300000,0.000000,0.300000,0.300000,0.300000,0.027270,0.040085,0.000862,0.063525,0.092038
joint_variational_missingness,gp_plus_joint_variational_missingness,state_dependent_mnar,0.500000,large_joint,Joint Korea Large,large,C:\Programming Prctice\outputs\benchmark_joint_q1_large\summary.json,multi_seed_mean_with_percentile_bootstrap_ci,0.95,5,"7,11,19,23,29",1a2a07695c53adf3fbb798818d9935e58e70517c,2026-03-17T11:28:36+00:00,11.410164,0.789476,10.818337,12.001991,10.579712,10.825020,0.765525,10.236038,11.414002,10.055985,8.773942,1.150317,7.821147,9.658363,7.114191,10.997027,4.010089,7.574048,14.037722,4.847391,0.192090,0.359440,0.006982,0.504565,0.830688,0.707910,0.359440,0.380152,0.892310,0.069312,11.333191,0.724211,10.789578,11.915151,10.552961,8.738116,1.128485,7.789786,9.588917,7.072918,0.494190,0.002644,0.492139,0.496240,0.496704,0.499599,0.000000,0.499599,0.499599,0.499599,0.032343,0.045856,0.000177,0.071741,0.098685
joint_variational_missingness,gp_plus_joint_variational_missingness,state_dependent_mnar,0.700000,large_joint,Joint Korea Large,large,C:\Programming Prctice\outputs\benchmark_joint_q1_large\summary.json,multi_seed_mean_with_percentile_bootstrap_ci,0.95,5,"7,11,19,23,29",1a2a07695c53adf3fbb798818d9935e58e70517c,2026-03-17T11:28:36+00:00,11.712858,3.065747,9.810868,14.252255,9.466405,11.113830,3.100488,9.220517,13.892745,8.913669,9.737320,4.454250,6.949017,13.765087,6.669458,19.281015,16.915214,6.726806,33.263475,4.554647,0.244092,0.252672,0.069775,0.459131,0.646606,0.655908,0.252672,0.440869,0.830225,0.253394,11.613705,3.003703,9.763060,14.300593,9.460508,9.677846,4.396454,6.933598,13.660150,6.680941,0.683691,0.003706,0.681372,0.686816,0.689941,0.685218,0.000000,0.685218,0.685218,0.685218,0.103042,0.200049,0.001756,0.285449,0.458931
joint_variational_missingness,gp_plus_joint_variational_missingness,value_dependent_mnar,0.300000,large_joint,Joint Korea Large,large,C:\Programming Prctice\outputs\benchmark_joint_q1_large\summary.json,multi_seed_mean_with_percentile_bootstrap_ci,0.95,5,"7,11,19,23,29",1a2a07695c53adf3fbb798818d9935e58e70517c,2026-03-17T11:28:37+00:00,10.434239,0.406838,10.128594,10.741904,10.066419,9.866597,0.359850,9.599351,10.158541,9.523481,7.610995,1.004816,6.743511,8.348399,6.031703,9.938915,9.084744,4.759689,17.998677,3.885162,0.242188,0.366778,0.048535,0.569116,0.891724,0.657812,0.366778,0.330884,0.851465,0.008276,10.596601,0.398151,10.306476,10.910426,10.304293,7.717254,1.041928,6.847163,8.463423,6.072925,0.298218,0.004975,0.294262,0.302173,0.303101,0.300000,0.000000,0.300000,0.300000,0.300000,0.008438,0.010919,0.000736,0.017962,0.025149
joint_variational_missingness,gp_plus_joint_variational_missingness,value_dependent_mnar,0.500000,large_joint,Joint Korea Large,large,C:\Programming Prctice\outputs\benchmark_joint_q1_large\summary.json,multi_seed_mean_with_percentile_bootstrap_ci,0.95,5,"7,11,19,23,29",1a2a07695c53adf3fbb798818d9935e58e70517c,2026-03-17T11:28:37+00:00,11.182539,1.373607,10.094998,12.181991,9.218696,10.613624,1.400152,9.480628,11.617460,8.522497,8.736423,2.138964,7.068117,10.404728,6.131397,16.688259,17.820191,6.578824,32.422304,4.215275,0.230982,0.325910,0.001245,0.509296,0.697510,0.669018,0.325910,0.390918,0.898755,0.202490,11.379544,1.400772,10.206900,12.405055,9.380404,8.864324,2.163153,7.176126,10.552521,6.220445,0.500366,0.004564,0.496948,0.503784,0.505981,0.500000,0.000000,0.500000,0.500000,0.500000,0.019704,0.027267,0.001870,0.044089,0.065132
joint_variational_missingness,gp_plus_joint_variational_missingness,value_dependent_mnar,0.700000,large_joint,Joint Korea Large,large,C:\Programming Prctice\outputs\benchmark_joint_q1_large\summary.json,multi_seed_mean_with_percentile_bootstrap_ci,0.95,5,"7,11,19,23,29",1a2a07695c53adf3fbb798818d9935e58e70517c,2026-03-17T11:28:37+00:00,13.142318,2.341058,11.317419,14.941832,10.142645,12.446458,2.376939,10.596102,14.261283,9.576581,11.540429,2.891162,9.303680,13.777178,7.918168,223.400020,207.399053,122.362158,408.606774,116.724365,0.101660,0.226841,0.000073,0.304565,0.507446,0.798340,0.226841,0.595435,0.899927,0.392554,13.328245,2.346154,11.532619,15.123872,10.307682,11.650672,2.872704,9.430004,13.871339,8.072862,0.699414,0.004280,0.696143,0.702685,0.703857,0.700000,0.000000,0.700000,0.700000,0.700000,0.010492,0.013169,0.000737,0.021111,0.027909
sensor_conditional_plugin_missingness,gp_plus_sensor_conditional_missingness,mar,0.300000,large_joint,Joint Korea Large,large,C:\Programming Prctice\outputs\benchmark_joint_q1_large\summary.json,multi_seed_mean_with_percentile_bootstrap_ci,0.95,5,"7,11,19,23,29",1a2a07695c53adf3fbb798818d9935e58e70517c,2026-03-17T11:28:37+00:00,16.600142,0.134356,16.493091,16.707193,16.455135,15.919448,0.140099,15.813334,16.027437,15.768222,14.794561,0.125934,14.693629,14.890558,14.628237,34.034563,0.832874,33.400017,34.669109,33.111225,0.000976,0.001337,0.000000,0.001953,0.002441,0.899024,0.001337,0.898047,0.900000,0.897559,16.567222,0.192347,16.421729,16.714060,16.361660,14.780909,0.187540,14.630265,14.924402,14.521940,0.298901,0.005075,0.294873,0.302930,0.304321,0.300000,0.000000,0.300000,0.300000,0.300000,0.002445,0.003921,0.000152,0.006060,0.009210
sensor_conditional_plugin_missingness,gp_plus_sensor_conditional_missingness,mar,0.500000,large_joint,Joint Korea Large,large,C:\Programming Prctice\outputs\benchmark_joint_q1_large\summary.json,multi_seed_mean_with_percentile_bootstrap_ci,0.95,5,"7,11,19,23,29",1a2a07695c53adf3fbb798818d9935e58e70517c,2026-03-17T11:28:37+00:00,16.836414,0.151564,16.707600,16.940015,16.590748,16.165662,0.157901,16.031448,16.273578,15.909691,15.115213,0.180887,14.952025,15.241416,14.820606,39.870577,0.946642,39.142089,40.588924,38.542728,0.000976,0.001337,0.000000,0.001953,0.002441,0.899024,0.001337,0.898047,0.900000,0.897559,16.801715,0.172329,16.654265,16.925870,16.541161,15.076483,0.189945,14.904876,15.198400,14.761034,0.502148,0.005464,0.497974,0.506323,0.508301,0.500000,0.000000,0.500000,0.500000,0.500000,0.002380,0.002220,0.000747,0.004202,0.005880
sensor_conditional_plugin_missingness,gp_plus_sensor_conditional_missingness,mar,0.700000,large_joint,Joint Korea Large,large,C:\Programming Prctice\outputs\benchmark_joint_q1_large\summary.json,multi_seed_mean_with_percentile_bootstrap_ci,0.95,5,"7,11,19,23,29",1a2a07695c53adf3fbb798818d9935e58e70517c,2026-03-17T11:28:37+00:00,17.000658,0.049095,16.965220,17.043612,16.952402,16.336693,0.051087,16.299816,16.377419,16.286474,15.527513,0.052577,15.479631,15.563570,15.439847,67.413892,1.555468,66.122427,68.557997,65.186554,0.000976,0.001337,0.000000,0.001953,0.002441,0.899024,0.001337,0.898047,0.900000,0.897559,16.979535,0.069069,16.926719,17.033695,16.911053,15.509111,0.067098,15.454659,15.554715,15.402699,0.701269,0.004248,0.697607,0.704297,0.705688,0.700000,0.000000,0.700000,0.700000,0.700000,0.003003,0.004559,0.000409,0.007120,0.010985
sensor_conditional_plugin_missingness,gp_plus_sensor_conditional_missingness,state_dependent_mnar,0.300000,large_joint,Joint Korea Large,large,C:\Programming Prctice\outputs\benchmark_joint_q1_large\summary.json,multi_seed_mean_with_percentile_bootstrap_ci,0.95,5,"7,11,19,23,29",1a2a07695c53adf3fbb798818d9935e58e70517c,2026-03-17T11:28:37+00:00,16.646909,0.216100,16.476535,16.817282,16.417185,15.968147,0.225269,15.790539,16.145754,15.728614,14.842694,0.229411,14.662294,15.018258,14.607796,34.164069,1.062908,33.338332,34.989806,32.950020,0.000976,0.001337,0.000000,0.001953,0.002441,0.899024,0.001337,0.898047,0.900000,0.897559,16.466754,0.261845,16.262934,16.670573,16.234985,14.703608,0.308082,14.476471,14.961725,14.373561,0.298267,0.006332,0.292676,0.302783,0.305176,0.300000,0.000000,0.300000,0.300000,0.300000,0.001462,0.001960,0.000113,0.003185,0.004422
sensor_conditional_plugin_missingness,gp_plus_sensor_conditional_missingness,state_dependent_mnar,0.500000,large_joint,Joint Korea Large,large,C:\Programming Prctice\outputs\benchmark_joint_q1_large\summary.json,multi_seed_mean_with_percentile_bootstrap_ci,0.95,5,"7,11,19,23,29",1a2a07695c53adf3fbb798818d9935e58e70517c,2026-03-17T11:28:37+00:00,16.941089,0.171408,16.818186,17.093630,16.741360,16.274641,0.178392,16.146716,16.421775,16.066689,15.201167,0.193164,15.058739,15.353309,14.971684,40.019841,1.026525,39.317452,40.940124,39.031231,0.000635,0.001026,0.000073,0.001538,0.002441,0.899365,0.001026,0.898462,0.899927,0.897559,16.714717,0.165195,16.597398,16.852621,16.515024,14.992899,0.215304,14.831345,15.154454,14.735900,0.494190,0.002644,0.492139,0.496240,0.496704,0.499599,0.000000,0.499599,0.499599,0.499599,0.001958,0.000981,0.001086,0.002652,0.002856
sensor_conditional_plugin_missingness,gp_plus_sensor_conditional_missingness,state_dependent_mnar,0.700000,large_joint,Joint Korea Large,large,C:\Programming Prctice\outputs\benchmark_joint_q1_large\summary.json,multi_seed_mean_with_percentile_bootstrap_ci,0.95,5,"7,11,19,23,29",1a2a07695c53adf3fbb798818d9935e58e70517c,2026-03-17T11:28:37+00:00,16.983175,0.114115,16.893636,17.067347,16.814743,16.318478,0.118775,16.222496,16.406076,16.143141,15.455842,0.145913,15.337983,15.572523,15.252702,60.732648,1.302577,59.721659,61.655606,58.809536,0.001172,0.001407,0.000098,0.002246,0.002930,0.898828,0.001407,0.897754,0.899902,0.897070,16.787055,0.096204,16.714151,16.859504,16.653202,15.267405,0.140084,15.164862,15.385320,15.080973,0.683691,0.003706,0.681372,0.686963,0.689941,0.685218,0.000000,0.685218,0.685218,0.685218,0.002119,0.001218,0.001197,0.003040,0.003116
sensor_conditional_plugin_missingness,gp_plus_sensor_conditional_missingness,value_dependent_mnar,0.300000,large_joint,Joint Korea Large,large,C:\Programming Prctice\outputs\benchmark_joint_q1_large\summary.json,multi_seed_mean_with_percentile_bootstrap_ci,0.95,5,"7,11,19,23,29",1a2a07695c53adf3fbb798818d9935e58e70517c,2026-03-17T11:28:38+00:00,16.589241,0.243107,16.408839,16.769642,16.355717,15.907990,0.253473,15.719872,16.096107,15.664444,14.813245,0.275240,14.602594,15.023896,14.526002,35.770145,1.299997,34.817614,36.722676,34.412029,0.000976,0.001337,0.000000,0.001953,0.002441,0.899024,0.001337,0.898047,0.900000,0.897559,16.741846,0.329272,16.495443,17.001353,16.374077,14.866741,0.358787,14.603401,15.130081,14.449102,0.298218,0.004975,0.294262,0.302173,0.303101,0.300000,0.000000,0.300000,0.300000,0.300000,0.001324,0.001271,0.000339,0.002308,0.002823
sensor_conditional_plugin_missingness,gp_plus_sensor_conditional_missingness,value_dependent_mnar,0.500000,large_joint,Joint Korea Large,large,C:\Programming Prctice\outputs\benchmark_joint_q1_large\summary.json,multi_seed_mean_with_percentile_bootstrap_ci,0.95,5,"7,11,19,23,29",1a2a07695c53adf3fbb798818d9935e58e70517c,2026-03-17T11:28:38+00:00,16.699017,0.160005,16.579369,16.814788,16.489714,16.022508,0.166759,15.897791,16.152680,15.804302,15.053506,0.192500,14.895508,15.217702,14.792994,45.965546,1.557548,44.742859,47.144644,43.814964,0.001294,0.001231,0.000317,0.002270,0.002441,0.898706,0.001231,0.897730,0.899683,0.897559,16.892932,0.172872,16.753919,17.024701,16.657511,15.145440,0.205983,14.976595,15.301684,14.851148,0.500366,0.004564,0.496948,0.503979,0.505981,0.500000,0.000000,0.500000,0.500000,0.500000,0.004807,0.004845,0.001532,0.008871,0.012442
sensor_conditional_plugin_missingness,gp_plus_sensor_conditional_missingness,value_dependent_mnar,0.700000,large_joint,Joint Korea Large,large,C:\Programming Prctice\outputs\benchmark_joint_q1_large\summary.json,multi_seed_mean_with_percentile_bootstrap_ci,0.95,5,"7,11,19,23,29",1a2a07695c53adf3fbb798818d9935e58e70517c,2026-03-17T11:28:38+00:00,16.729746,0.061765,16.684294,16.777796,16.645317,16.054579,0.064364,16.007211,16.101866,15.966588,15.471958,0.141180,15.355257,15.564840,15.242438,156.449402,8.794402,148.555594,160.989364,140.816360,0.010889,0.021653,0.000488,0.030225,0.049561,0.889111,0.021653,0.869775,0.899512,0.850439,16.912922,0.048523,16.876693,16.948945,16.851223,15.553650,0.139346,15.429996,15.645965,15.324309,0.699414,0.004280,0.696143,0.702685,0.703857,0.700000,0.000000,0.700000,0.700000,0.700000,0.019969,0.036402,0.000736,0.053177,0.084469
