repeat_seed,variant_name,pipeline_variant,mechanism,missing_intensity,rmse,mae,crps,log_score,gaussian_coverage,calibration_error,gap_rmse,gap_crps,gap_fraction,mean_synthetic_missingness_probability,mean_predicted_missingness_probability
7,gp_only,base_gp_only,mar,0.300000,4.830463,4.071918,3.742389,30.882877,0.113426,0.786574,4.880110,3.800436,0.298032,0.300000,0.000000
7,homogeneous_missingness,gp_plus_homogeneous_missingness,mar,0.300000,4.829729,4.071164,3.741197,30.779701,0.113426,0.786574,4.879368,3.799204,0.298032,0.300000,0.001014
7,sensor_conditional_plugin_missingness,gp_plus_sensor_conditional_missingness,mar,0.300000,4.821364,4.062568,3.732476,30.641031,0.113426,0.786574,4.870916,3.790075,0.298032,0.300000,0.000100
7,joint_variational_missingness,gp_plus_joint_variational_missingness,mar,0.300000,5.055596,4.369439,4.025002,31.750948,0.081019,0.818981,5.113151,4.108639,0.298032,0.300000,0.000100
7,joint_generative_missingness,gp_plus_joint_generative_missingness,mar,0.300000,4.836876,4.127559,3.240647,4.636122,0.405093,0.494907,4.891852,3.303249,0.298032,0.300000,0.000101
7,full_joint_jvi_training,gp_plus_joint_generative_jvi_training,mar,0.300000,4.930225,4.210151,3.438634,5.934891,0.308449,0.591551,4.980570,3.499589,0.298032,0.300000,0.059127
7,gp_only,base_gp_only,mar,0.500000,4.591443,3.824711,3.468170,22.910959,0.159722,0.740278,4.555003,3.435250,0.496528,0.500000,0.000000
7,homogeneous_missingness,gp_plus_homogeneous_missingness,mar,0.500000,4.587352,3.820451,3.462276,22.624352,0.159722,0.740278,4.551003,3.429429,0.496528,0.500000,0.001411
7,sensor_conditional_plugin_missingness,gp_plus_sensor_conditional_missingness,mar,0.500000,4.589465,3.822652,3.463884,22.583620,0.159722,0.740278,4.553069,3.431000,0.496528,0.500000,0.000100
7,joint_variational_missingness,gp_plus_joint_variational_missingness,mar,0.500000,4.404845,3.693935,3.277322,14.991372,0.183449,0.716551,4.372148,3.247122,0.496528,0.500000,0.000100
7,joint_generative_missingness,gp_plus_joint_generative_missingness,mar,0.500000,4.978731,4.281978,3.449944,5.525653,0.333333,0.566667,4.936490,3.412958,0.496528,0.500000,0.000141
7,full_joint_jvi_training,gp_plus_joint_generative_jvi_training,mar,0.500000,4.750589,4.042112,3.131587,4.264624,0.429398,0.470602,4.710103,3.098548,0.496528,0.500000,0.401473
7,gp_only,base_gp_only,mar,0.700000,4.299212,3.525059,3.127818,15.135009,0.221065,0.678935,4.313054,3.152568,0.704861,0.700000,0.000000
7,homogeneous_missingness,gp_plus_homogeneous_missingness,mar,0.700000,4.296623,3.522473,3.125061,15.091931,0.221065,0.678935,4.310475,3.149830,0.704861,0.700000,0.002044
7,sensor_conditional_plugin_missingness,gp_plus_sensor_conditional_missingness,mar,0.700000,4.296368,3.522217,3.124494,15.071169,0.221065,0.678935,4.310220,3.149260,0.704861,0.700000,0.000100
7,joint_variational_missingness,gp_plus_joint_variational_missingness,mar,0.700000,5.119680,4.424271,3.998908,21.100718,0.110532,0.789468,5.129332,4.013603,0.704861,0.700000,0.000100
7,joint_generative_missingness,gp_plus_joint_generative_missingness,mar,0.700000,4.677510,3.957318,3.127532,4.756437,0.406250,0.493750,4.687652,3.143805,0.704861,0.700000,0.000151
7,full_joint_jvi_training,gp_plus_joint_generative_jvi_training,mar,0.700000,4.964489,4.258155,3.077884,3.379838,0.615162,0.284838,4.974711,3.091692,0.704861,0.700000,0.747730
7,gp_only,base_gp_only,state_dependent_mnar,0.300000,4.838377,4.080038,3.750791,31.050388,0.113426,0.786574,4.847788,3.686470,0.289352,0.300000,0.000000
7,homogeneous_missingness,gp_plus_homogeneous_missingness,state_dependent_mnar,0.300000,4.840965,4.082691,3.755611,31.510965,0.113426,0.786574,4.850307,3.691118,0.289352,0.300000,0.001058
7,sensor_conditional_plugin_missingness,gp_plus_sensor_conditional_missingness,state_dependent_mnar,0.300000,4.838817,4.080488,3.752517,31.309261,0.113426,0.786574,4.848216,3.688149,0.289352,0.300000,0.000100
7,joint_variational_missingness,gp_plus_joint_variational_missingness,state_dependent_mnar,0.300000,4.354997,3.641294,3.328500,26.960426,0.139468,0.760532,4.385578,3.291832,0.289352,0.300000,0.000100
7,joint_generative_missingness,gp_plus_joint_generative_missingness,state_dependent_mnar,0.300000,4.867754,4.160290,3.669284,13.442163,0.157407,0.742593,4.883772,3.611110,0.289352,0.300000,0.000109
7,full_joint_jvi_training,gp_plus_joint_generative_jvi_training,state_dependent_mnar,0.300000,4.772763,4.053598,3.313935,6.016030,0.322917,0.577083,4.784603,3.262157,0.289352,0.300000,0.140261
7,gp_only,base_gp_only,state_dependent_mnar,0.500000,4.579576,3.812346,3.455357,22.672960,0.159722,0.740278,4.489883,3.321388,0.508102,0.499848,0.000000
7,homogeneous_missingness,gp_plus_homogeneous_missingness,state_dependent_mnar,0.500000,4.574615,3.807210,3.448964,22.429882,0.159722,0.740278,4.485118,3.315357,0.508102,0.499848,0.001368
7,sensor_conditional_plugin_missingness,gp_plus_sensor_conditional_missingness,state_dependent_mnar,0.500000,4.571675,3.804186,3.445308,22.314882,0.159722,0.740278,4.482294,3.311909,0.508102,0.499848,0.000100
7,joint_variational_missingness,gp_plus_joint_variational_missingness,state_dependent_mnar,0.500000,4.883122,4.197047,3.847785,27.529306,0.092014,0.807986,4.808827,3.724996,0.508102,0.499848,0.000100
7,joint_generative_missingness,gp_plus_joint_generative_missingness,state_dependent_mnar,0.500000,3.943388,3.215280,2.564641,4.602138,0.453125,0.446875,3.898661,2.499072,0.508102,0.499848,0.000100
7,full_joint_jvi_training,gp_plus_joint_generative_jvi_training,state_dependent_mnar,0.500000,4.613637,3.897460,3.160387,5.675877,0.355324,0.544676,4.528556,3.042912,0.508102,0.499848,0.313890
7,gp_only,base_gp_only,state_dependent_mnar,0.700000,4.345656,3.572429,3.182890,16.280874,0.210069,0.689931,4.348613,3.169622,0.662616,0.669809,0.000000
7,homogeneous_missingness,gp_plus_homogeneous_missingness,state_dependent_mnar,0.700000,4.341478,3.568189,3.176367,16.031296,0.210069,0.689931,4.344632,3.163371,0.662616,0.669809,0.002184
7,sensor_conditional_plugin_missingness,gp_plus_sensor_conditional_missingness,state_dependent_mnar,0.700000,4.346705,3.573494,3.183298,16.233730,0.210069,0.689931,4.349614,3.169977,0.662616,0.669809,0.000100
7,joint_variational_missingness,gp_plus_joint_variational_missingness,state_dependent_mnar,0.700000,5.226898,4.502987,4.071126,21.552809,0.114005,0.785995,5.203376,4.020509,0.662616,0.669809,0.000100
7,joint_generative_missingness,gp_plus_joint_generative_missingness,state_dependent_mnar,0.700000,4.017321,3.266948,2.490302,3.573038,0.560764,0.339236,4.035580,2.496650,0.662616,0.669809,0.000140
7,full_joint_jvi_training,gp_plus_joint_generative_jvi_training,state_dependent_mnar,0.700000,4.417610,3.683140,3.621552,826.860840,0.020833,0.879167,4.413866,3.594489,0.662616,0.669809,0.476320
7,gp_only,base_gp_only,value_dependent_mnar,0.300000,4.857461,4.099576,3.771501,31.546007,0.113426,0.786574,5.355965,4.136703,0.273148,0.300000,0.000000
7,homogeneous_missingness,gp_plus_homogeneous_missingness,value_dependent_mnar,0.300000,4.828979,4.070393,3.742848,31.245588,0.113426,0.786574,5.329077,4.110376,0.273148,0.300000,0.001000
7,sensor_conditional_plugin_missingness,gp_plus_sensor_conditional_missingness,value_dependent_mnar,0.300000,4.839303,4.080988,3.753418,31.396309,0.113426,0.786574,5.338823,4.120101,0.273148,0.300000,0.000100
7,joint_variational_missingness,gp_plus_joint_variational_missingness,value_dependent_mnar,0.300000,4.784874,4.060612,3.725656,29.234329,0.110532,0.789468,5.251685,4.062053,0.273148,0.300000,0.000100
7,joint_generative_missingness,gp_plus_joint_generative_missingness,value_dependent_mnar,0.300000,4.813243,4.091822,3.352213,6.158533,0.314815,0.585185,5.271685,3.685665,0.273148,0.300000,0.000102
7,full_joint_jvi_training,gp_plus_joint_generative_jvi_training,value_dependent_mnar,0.300000,5.010213,4.291119,3.469296,5.620691,0.334491,0.565509,5.464549,3.795141,0.273148,0.300000,0.216984
7,gp_only,base_gp_only,value_dependent_mnar,0.500000,4.597380,3.830885,3.475580,23.167154,0.151620,0.748380,4.782010,3.580206,0.497106,0.500000,0.000000
7,homogeneous_missingness,gp_plus_homogeneous_missingness,value_dependent_mnar,0.500000,4.588597,3.821749,3.459754,22.141905,0.159722,0.740278,4.773839,3.565693,0.497106,0.500000,0.001288
7,sensor_conditional_plugin_missingness,gp_plus_sensor_conditional_missingness,value_dependent_mnar,0.500000,4.600834,3.834475,3.479269,23.231564,0.151620,0.748380,4.785224,3.583470,0.497106,0.500000,0.000100
7,joint_variational_missingness,gp_plus_joint_variational_missingness,value_dependent_mnar,0.500000,4.787816,4.043099,3.663278,22.965891,0.141782,0.758218,4.951310,3.735940,0.497106,0.500000,0.000100
7,joint_generative_missingness,gp_plus_joint_generative_missingness,value_dependent_mnar,0.500000,5.031966,4.314353,3.837723,16.070118,0.148148,0.751852,5.168378,3.877932,0.497106,0.500000,0.000100
7,full_joint_jvi_training,gp_plus_joint_generative_jvi_training,value_dependent_mnar,0.500000,4.959190,4.245521,3.441259,5.724787,0.332176,0.567824,5.096956,3.503251,0.497106,0.500000,0.369934
7,gp_only,base_gp_only,value_dependent_mnar,0.700000,4.323485,3.549867,3.156417,15.709039,0.210069,0.689931,4.569465,3.333042,0.687500,0.699932,0.000000
7,homogeneous_missingness,gp_plus_homogeneous_missingness,value_dependent_mnar,0.700000,4.326091,3.552526,3.158928,15.719872,0.210069,0.689931,4.571906,3.335313,0.687500,0.699932,0.001512
7,sensor_conditional_plugin_missingness,gp_plus_sensor_conditional_missingness,value_dependent_mnar,0.700000,4.322497,3.548858,3.155324,15.691283,0.210069,0.689931,4.568540,3.332038,0.687500,0.699932,0.000100
7,joint_variational_missingness,gp_plus_joint_variational_missingness,value_dependent_mnar,0.700000,4.803092,4.066876,3.672805,21.016115,0.140625,0.759375,5.008494,3.794765,0.687500,0.699932,0.000100
7,joint_generative_missingness,gp_plus_joint_generative_missingness,value_dependent_mnar,0.700000,4.797072,4.063277,3.017249,3.602991,0.571181,0.328819,5.001178,3.149735,0.687500,0.699932,0.000104
7,full_joint_jvi_training,gp_plus_joint_generative_jvi_training,value_dependent_mnar,0.700000,4.684828,3.951695,3.844208,280.947418,0.028935,0.871065,4.892616,3.969750,0.687500,0.699932,0.718765
11,gp_only,base_gp_only,mar,0.300000,4.837929,4.079578,3.748603,30.706858,0.113426,0.786574,4.917968,3.795162,0.302083,0.300000,0.000000
11,homogeneous_missingness,gp_plus_homogeneous_missingness,mar,0.300000,4.836590,4.078205,3.750520,31.334866,0.113426,0.786574,4.916623,3.797057,0.302083,0.300000,0.000135
11,sensor_conditional_plugin_missingness,gp_plus_sensor_conditional_missingness,mar,0.300000,4.829227,4.070649,3.742166,31.070356,0.113426,0.786574,4.909220,3.788714,0.302083,0.300000,0.000100
11,joint_variational_missingness,gp_plus_joint_variational_missingness,mar,0.300000,5.030586,4.330594,3.997731,35.844097,0.084491,0.815509,5.101291,4.038671,0.302083,0.300000,0.000100
11,joint_generative_missingness,gp_plus_joint_generative_missingness,mar,0.300000,5.117391,4.371891,4.280289,470.545258,0.026042,0.873958,5.196940,4.326870,0.302083,0.300000,0.000100
11,full_joint_jvi_training,gp_plus_joint_generative_jvi_training,mar,0.300000,3.274478,2.699788,1.986224,2.995892,0.620370,0.279630,3.328711,2.016412,0.302083,0.300000,0.483368
11,gp_only,base_gp_only,mar,0.500000,4.573213,3.805767,3.445763,22.188057,0.159722,0.740278,4.528899,3.405832,0.497685,0.500000,0.000000
11,homogeneous_missingness,gp_plus_homogeneous_missingness,mar,0.500000,4.567102,3.799479,3.440432,22.234245,0.159722,0.740278,4.522755,3.400407,0.497685,0.500000,0.000373
11,sensor_conditional_plugin_missingness,gp_plus_sensor_conditional_missingness,mar,0.500000,4.577718,3.810408,3.452778,22.559464,0.159722,0.740278,4.533430,3.412868,0.497685,0.500000,0.000101
11,joint_variational_missingness,gp_plus_joint_variational_missingness,mar,0.500000,4.651844,3.943244,3.598500,27.178194,0.126157,0.773843,4.614019,3.570481,0.497685,0.500000,0.000100
11,joint_generative_missingness,gp_plus_joint_generative_missingness,mar,0.500000,5.022488,4.274671,4.182091,444.796600,0.024306,0.875694,4.981994,4.150378,0.497685,0.500000,0.000100
11,full_joint_jvi_training,gp_plus_joint_generative_jvi_training,mar,0.500000,3.819084,3.289943,2.418901,3.306445,0.548032,0.351968,3.791639,2.403907,0.497685,0.500000,0.548411
11,gp_only,base_gp_only,mar,0.700000,4.305765,3.531732,3.134309,15.188058,0.221065,0.678935,4.253179,3.084734,0.691551,0.700000,0.000000
11,homogeneous_missingness,gp_plus_homogeneous_missingness,mar,0.700000,4.310624,3.536714,3.141894,15.456660,0.210069,0.689931,4.258124,3.092448,0.691551,0.700000,0.000637
11,sensor_conditional_plugin_missingness,gp_plus_sensor_conditional_missingness,mar,0.700000,4.308913,3.534961,3.139421,15.376379,0.210069,0.689931,4.256383,3.089929,0.691551,0.700000,0.000100
11,joint_variational_missingness,gp_plus_joint_variational_missingness,mar,0.700000,5.626441,4.926499,4.462391,22.772598,0.095486,0.804514,5.595867,4.446433,0.691551,0.700000,0.000100
11,joint_generative_missingness,gp_plus_joint_generative_missingness,mar,0.700000,4.893843,4.144025,4.058189,483.917114,0.021991,0.878009,4.852293,4.025979,0.691551,0.700000,0.000100
11,full_joint_jvi_training,gp_plus_joint_generative_jvi_training,mar,0.700000,3.981325,3.332411,2.433111,3.182784,0.637731,0.262269,3.948636,2.406981,0.691551,0.700000,0.706754
11,gp_only,base_gp_only,state_dependent_mnar,0.300000,4.824149,4.065432,3.738941,31.392845,0.113426,0.786574,4.969137,3.773215,0.289352,0.300000,0.000000
11,homogeneous_missingness,gp_plus_homogeneous_missingness,state_dependent_mnar,0.300000,4.822012,4.063235,3.735326,31.078964,0.113426,0.786574,4.967126,3.769829,0.289352,0.300000,0.000146
11,sensor_conditional_plugin_missingness,gp_plus_sensor_conditional_missingness,state_dependent_mnar,0.300000,4.825630,4.066953,3.740669,31.456310,0.113426,0.786574,4.970529,3.774804,0.289352,0.300000,0.000101
11,joint_variational_missingness,gp_plus_joint_variational_missingness,state_dependent_mnar,0.300000,4.541154,3.816269,3.522507,36.069004,0.120949,0.779051,4.678748,3.551021,0.289352,0.300000,0.000100
11,joint_generative_missingness,gp_plus_joint_generative_missingness,state_dependent_mnar,0.300000,5.063101,4.316000,4.223582,452.668396,0.025463,0.874537,5.189757,4.227464,0.289352,0.300000,0.000100
11,full_joint_jvi_training,gp_plus_joint_generative_jvi_training,state_dependent_mnar,0.300000,2.796711,2.212686,1.652427,2.856414,0.647569,0.252431,2.973452,1.738114,0.289352,0.300000,0.271119
11,gp_only,base_gp_only,state_dependent_mnar,0.500000,4.589870,3.823074,3.467258,22.985952,0.159722,0.740278,4.640790,3.462208,0.500000,0.499848,0.000000
11,homogeneous_missingness,gp_plus_homogeneous_missingness,state_dependent_mnar,0.500000,4.589766,3.822965,3.466056,22.836937,0.159722,0.740278,4.640690,3.461038,0.500000,0.499848,0.000182
11,sensor_conditional_plugin_missingness,gp_plus_sensor_conditional_missingness,state_dependent_mnar,0.500000,4.593531,3.826883,3.469387,22.812998,0.159722,0.740278,4.644287,3.464156,0.500000,0.499848,0.000100
11,joint_variational_missingness,gp_plus_joint_variational_missingness,state_dependent_mnar,0.500000,4.524646,3.812486,3.500084,32.072674,0.128472,0.771528,4.578694,3.500339,0.500000,0.499848,0.000100
11,joint_generative_missingness,gp_plus_joint_generative_missingness,state_dependent_mnar,0.500000,5.075161,4.328938,4.236753,457.147644,0.026042,0.873958,5.106914,4.206993,0.500000,0.499848,0.000100
11,full_joint_jvi_training,gp_plus_joint_generative_jvi_training,state_dependent_mnar,0.500000,4.183235,3.509881,2.711409,4.053120,0.475116,0.424884,4.237565,2.721879,0.500000,0.499848,0.241959
11,gp_only,base_gp_only,state_dependent_mnar,0.700000,4.359052,3.585995,3.197528,16.512825,0.197338,0.702662,4.330244,3.139355,0.669560,0.669809,0.000000
11,homogeneous_missingness,gp_plus_homogeneous_missingness,state_dependent_mnar,0.700000,4.361247,3.588213,3.199966,16.557226,0.197338,0.702662,4.332329,3.141656,0.669560,0.669809,0.000737
11,sensor_conditional_plugin_missingness,gp_plus_sensor_conditional_missingness,state_dependent_mnar,0.700000,4.355328,3.582229,3.194153,16.510555,0.197338,0.702662,4.326708,3.136194,0.669560,0.669809,0.000100
11,joint_variational_missingness,gp_plus_joint_variational_missingness,state_dependent_mnar,0.700000,4.756649,4.033809,3.633750,20.797897,0.146991,0.753009,4.716569,3.558931,0.669560,0.669809,0.000100
11,joint_generative_missingness,gp_plus_joint_generative_missingness,state_dependent_mnar,0.700000,4.825498,4.073059,3.983721,435.143738,0.021412,0.878588,4.778487,3.899590,0.669560,0.669809,0.000100
11,full_joint_jvi_training,gp_plus_joint_generative_jvi_training,state_dependent_mnar,0.700000,3.750281,3.073654,2.146578,2.754175,0.913773,0.013773,3.733247,2.130439,0.669560,0.669809,0.837074
11,gp_only,base_gp_only,value_dependent_mnar,0.300000,4.840372,4.082083,3.751945,30.903612,0.113426,0.786574,5.057425,3.931380,0.300347,0.300000,0.000000
11,homogeneous_missingness,gp_plus_homogeneous_missingness,value_dependent_mnar,0.300000,4.839125,4.080804,3.753845,31.517393,0.113426,0.786574,5.056178,3.933255,0.300347,0.300000,0.000270
11,sensor_conditional_plugin_missingness,gp_plus_sensor_conditional_missingness,value_dependent_mnar,0.300000,4.847507,4.089393,3.759205,30.992327,0.113426,0.786574,5.064565,3.938611,0.300347,0.300000,0.000101
11,joint_variational_missingness,gp_plus_joint_variational_missingness,value_dependent_mnar,0.300000,4.099475,3.356377,3.104947,37.900536,0.146991,0.753009,4.309344,3.281014,0.300347,0.300000,0.000100
11,joint_generative_missingness,gp_plus_joint_generative_missingness,value_dependent_mnar,0.300000,4.942339,4.189560,4.031431,144.764130,0.042824,0.857176,5.159059,4.208372,0.300347,0.300000,0.000100
11,full_joint_jvi_training,gp_plus_joint_generative_jvi_training,value_dependent_mnar,0.300000,2.842947,2.254024,1.624523,2.555175,0.776620,0.123380,3.012146,1.738488,0.300347,0.300000,0.544190
11,gp_only,base_gp_only,value_dependent_mnar,0.500000,4.578899,3.811640,3.451815,22.288301,0.159722,0.740278,4.785162,3.623588,0.526042,0.500000,0.000000
11,homogeneous_missingness,gp_plus_homogeneous_missingness,value_dependent_mnar,0.500000,4.586981,3.820065,3.463968,22.905199,0.159722,0.740278,4.793099,3.635391,0.526042,0.500000,0.000213
11,sensor_conditional_plugin_missingness,gp_plus_sensor_conditional_missingness,value_dependent_mnar,0.500000,4.574038,3.806616,3.448500,22.445824,0.159722,0.740278,4.780387,3.620466,0.526042,0.500000,0.000102
11,joint_variational_missingness,gp_plus_joint_variational_missingness,value_dependent_mnar,0.500000,4.474284,3.721842,3.390307,25.321033,0.154514,0.745486,4.670856,3.550968,0.526042,0.500000,0.000100
11,joint_generative_missingness,gp_plus_joint_generative_missingness,value_dependent_mnar,0.500000,4.946881,4.195773,4.106294,460.738098,0.022569,0.877431,5.144031,4.259884,0.526042,0.500000,0.000100
11,full_joint_jvi_training,gp_plus_joint_generative_jvi_training,value_dependent_mnar,0.500000,4.114191,3.479962,2.595270,3.480213,0.551505,0.348495,4.269738,2.710162,0.526042,0.500000,0.563429
11,gp_only,base_gp_only,value_dependent_mnar,0.700000,4.320635,3.546957,3.154184,15.735692,0.210069,0.689931,4.609348,3.370333,0.682870,0.699932,0.000000
11,homogeneous_missingness,gp_plus_homogeneous_missingness,value_dependent_mnar,0.700000,4.318724,3.545004,3.150924,15.607555,0.210069,0.689931,4.607563,3.367321,0.682870,0.699932,0.000874
11,sensor_conditional_plugin_missingness,gp_plus_sensor_conditional_missingness,value_dependent_mnar,0.700000,4.319110,3.545398,3.151089,15.589669,0.210069,0.689931,4.607924,3.367441,0.682870,0.699932,0.000100
11,joint_variational_missingness,gp_plus_joint_variational_missingness,value_dependent_mnar,0.700000,4.652703,3.920839,3.559402,24.548801,0.142940,0.757060,4.894845,3.706353,0.682870,0.699932,0.000100
11,joint_generative_missingness,gp_plus_joint_generative_missingness,value_dependent_mnar,0.700000,5.024807,4.277960,4.182387,412.584564,0.024884,0.875116,5.268558,4.314293,0.682870,0.699932,0.000100
11,full_joint_jvi_training,gp_plus_joint_generative_jvi_training,value_dependent_mnar,0.700000,4.154020,3.477662,2.514941,3.131411,0.654514,0.245486,4.379700,2.663447,0.682870,0.699932,0.723490
19,gp_only,base_gp_only,mar,0.300000,4.825462,4.066781,3.739243,31.202747,0.113426,0.786574,4.831893,3.797777,0.281250,0.300000,0.000000
19,homogeneous_missingness,gp_plus_homogeneous_missingness,mar,0.300000,4.834347,4.075904,3.749056,31.454481,0.113426,0.786574,4.840895,3.807809,0.281250,0.300000,0.001238
19,sensor_conditional_plugin_missingness,gp_plus_sensor_conditional_missingness,mar,0.300000,4.846982,4.088855,3.762502,31.749336,0.113426,0.786574,4.853696,3.821540,0.281250,0.300000,0.000101
19,joint_variational_missingness,gp_plus_joint_variational_missingness,mar,0.300000,4.817045,4.091278,3.748211,27.824121,0.114583,0.785417,4.825583,3.812635,0.281250,0.300000,0.000100
19,joint_generative_missingness,gp_plus_joint_generative_missingness,mar,0.300000,5.125958,4.387288,4.098806,47.915508,0.074653,0.825347,5.136631,4.166931,0.281250,0.300000,0.000100
19,full_joint_jvi_training,gp_plus_joint_generative_jvi_training,mar,0.300000,5.100380,4.354559,4.305900,1714.384644,0.016782,0.883218,5.109117,4.369646,0.281250,0.300000,0.200507
19,gp_only,base_gp_only,mar,0.500000,4.577915,3.810613,3.450410,22.224409,0.159722,0.740278,4.625609,3.509996,0.504630,0.500000,0.000000
19,homogeneous_missingness,gp_plus_homogeneous_missingness,mar,0.500000,4.582510,3.815406,3.458126,22.662849,0.159722,0.740278,4.630244,3.517745,0.504630,0.500000,0.001758
19,sensor_conditional_plugin_missingness,gp_plus_sensor_conditional_missingness,mar,0.500000,4.594786,3.828188,3.470178,22.762463,0.159722,0.740278,4.642623,3.529848,0.504630,0.500000,0.000100
19,joint_variational_missingness,gp_plus_joint_variational_missingness,mar,0.500000,4.175789,3.483470,3.097340,15.132856,0.185764,0.714236,4.223607,3.157803,0.504630,0.500000,0.000100
19,joint_generative_missingness,gp_plus_joint_generative_missingness,mar,0.500000,5.160563,4.421063,4.309572,333.065155,0.030671,0.869329,5.216936,4.379098,0.504630,0.500000,0.000129
19,full_joint_jvi_training,gp_plus_joint_generative_jvi_training,mar,0.500000,4.970387,4.222565,4.167712,1292.006104,0.015046,0.884954,5.019623,4.226039,0.504630,0.500000,0.374148
19,gp_only,base_gp_only,mar,0.700000,4.316480,3.542709,3.148844,15.598321,0.210069,0.689931,4.330278,3.185990,0.703704,0.700000,0.000000
19,homogeneous_missingness,gp_plus_homogeneous_missingness,mar,0.700000,4.316238,3.542462,3.147095,15.454640,0.210069,0.689931,4.330031,3.184218,0.703704,0.700000,0.002715
19,sensor_conditional_plugin_missingness,gp_plus_sensor_conditional_missingness,mar,0.700000,4.302147,3.528017,3.130800,15.164855,0.221065,0.678935,4.315680,3.167570,0.703704,0.700000,0.000100
19,joint_variational_missingness,gp_plus_joint_variational_missingness,mar,0.700000,5.120996,4.381669,3.980720,23.085899,0.115741,0.784259,5.147798,4.030097,0.703704,0.700000,0.000100
19,joint_generative_missingness,gp_plus_joint_generative_missingness,mar,0.700000,5.010231,4.262676,4.172834,484.403137,0.021991,0.878009,5.037752,4.224703,0.703704,0.700000,0.000105
19,full_joint_jvi_training,gp_plus_joint_generative_jvi_training,mar,0.700000,5.068461,4.325552,3.178433,3.556279,0.581019,0.318981,5.092591,3.211016,0.703704,0.700000,0.849076
19,gp_only,base_gp_only,state_dependent_mnar,0.300000,4.838054,4.079706,3.752268,31.404873,0.113426,0.786574,4.824237,3.609894,0.291667,0.300000,0.000000
19,homogeneous_missingness,gp_plus_homogeneous_missingness,state_dependent_mnar,0.300000,4.826010,4.067344,3.741000,31.433445,0.113426,0.786574,4.813227,3.599447,0.291667,0.300000,0.001371
19,sensor_conditional_plugin_missingness,gp_plus_sensor_conditional_missingness,state_dependent_mnar,0.300000,4.832078,4.073575,3.745961,31.283924,0.113426,0.786574,4.818773,3.604012,0.291667,0.300000,0.000101
19,joint_variational_missingness,gp_plus_joint_variational_missingness,state_dependent_mnar,0.300000,5.023938,4.296941,3.961664,31.851372,0.092593,0.807407,4.991532,3.808647,0.291667,0.300000,0.000100
19,joint_generative_missingness,gp_plus_joint_generative_missingness,state_dependent_mnar,0.300000,5.038733,4.292511,4.202046,487.626953,0.026620,0.873380,5.006516,4.038421,0.291667,0.300000,0.000100
19,full_joint_jvi_training,gp_plus_joint_generative_jvi_training,state_dependent_mnar,0.300000,4.946508,4.195943,4.092366,352.258148,0.028356,0.871644,4.921797,3.936096,0.291667,0.300000,0.140311
19,gp_only,base_gp_only,state_dependent_mnar,0.500000,4.568083,3.800489,3.444179,22.606968,0.159722,0.740278,4.649487,3.420432,0.457176,0.499848,0.000000
19,homogeneous_missingness,gp_plus_homogeneous_missingness,state_dependent_mnar,0.500000,4.580758,3.813579,3.458817,22.974539,0.159722,0.740278,4.661302,3.434251,0.457176,0.499848,0.001795
19,sensor_conditional_plugin_missingness,gp_plus_sensor_conditional_missingness,state_dependent_mnar,0.500000,4.583086,3.816006,3.460145,22.877748,0.159722,0.740278,4.663472,3.435449,0.457176,0.499848,0.000101
19,joint_variational_missingness,gp_plus_joint_variational_missingness,state_dependent_mnar,0.500000,4.332249,3.610951,3.240444,17.809147,0.171296,0.728704,4.424257,3.235645,0.457176,0.499848,0.000100
19,joint_generative_missingness,gp_plus_joint_generative_missingness,state_dependent_mnar,0.500000,4.711897,3.962191,3.592759,23.813612,0.152778,0.747222,4.786214,3.564231,0.457176,0.499848,0.000114
19,full_joint_jvi_training,gp_plus_joint_generative_jvi_training,state_dependent_mnar,0.500000,4.900259,4.150533,4.003555,174.671707,0.044560,0.855440,4.957871,3.956547,0.457176,0.499848,0.605511
19,gp_only,base_gp_only,state_dependent_mnar,0.700000,4.337756,3.564406,3.174854,16.197336,0.210069,0.689931,4.321895,3.114730,0.661458,0.669809,0.000000
19,homogeneous_missingness,gp_plus_homogeneous_missingness,state_dependent_mnar,0.700000,4.350604,3.577446,3.186347,16.174757,0.210069,0.689931,4.333823,3.125102,0.661458,0.669809,0.002881
19,sensor_conditional_plugin_missingness,gp_plus_sensor_conditional_missingness,state_dependent_mnar,0.700000,4.349731,3.576561,3.187424,16.358444,0.210069,0.689931,4.333013,3.126184,0.661458,0.669809,0.000100
19,joint_variational_missingness,gp_plus_joint_variational_missingness,state_dependent_mnar,0.700000,5.087815,4.378530,3.968210,21.556677,0.105324,0.794676,5.034440,3.850897,0.661458,0.669809,0.000100
19,joint_generative_missingness,gp_plus_joint_generative_missingness,state_dependent_mnar,0.700000,5.113670,4.379273,4.124015,62.689205,0.067130,0.832870,5.056304,4.000165,0.661458,0.669809,0.000119
19,full_joint_jvi_training,gp_plus_joint_generative_jvi_training,state_dependent_mnar,0.700000,4.888149,4.139580,4.005494,206.243729,0.039352,0.860648,4.837431,3.896150,0.661458,0.669809,0.521698
19,gp_only,base_gp_only,value_dependent_mnar,0.300000,4.823511,4.064776,3.735482,30.827879,0.113426,0.786574,4.971391,3.791889,0.303241,0.300000,0.000000
19,homogeneous_missingness,gp_plus_homogeneous_missingness,value_dependent_mnar,0.300000,4.828888,4.070301,3.741723,31.018572,0.113426,0.786574,4.976380,3.797551,0.303241,0.300000,0.002005
19,sensor_conditional_plugin_missingness,gp_plus_sensor_conditional_missingness,value_dependent_mnar,0.300000,4.837404,4.079040,3.752800,31.636772,0.113426,0.786574,4.984283,3.807673,0.303241,0.300000,0.000100
19,joint_variational_missingness,gp_plus_joint_variational_missingness,value_dependent_mnar,0.300000,4.623873,3.891567,3.542885,24.568876,0.135417,0.764583,4.770024,3.598185,0.303241,0.300000,0.000100
19,joint_generative_missingness,gp_plus_joint_generative_missingness,value_dependent_mnar,0.300000,5.089141,4.346684,4.256649,503.196747,0.026620,0.873380,5.217778,4.278452,0.303241,0.300000,0.000101
19,full_joint_jvi_training,gp_plus_joint_generative_jvi_training,value_dependent_mnar,0.300000,4.998798,4.250287,4.150348,384.895660,0.028935,0.871065,5.129798,4.182527,0.303241,0.300000,0.115661
19,gp_only,base_gp_only,value_dependent_mnar,0.500000,4.580692,3.813510,3.457902,22.875675,0.159722,0.740278,4.896801,3.700217,0.508102,0.500000,0.000000
19,homogeneous_missingness,gp_plus_homogeneous_missingness,value_dependent_mnar,0.500000,4.596209,3.829668,3.472944,22.920103,0.159722,0.740278,4.911844,3.714297,0.508102,0.500000,0.003431
19,sensor_conditional_plugin_missingness,gp_plus_sensor_conditional_missingness,value_dependent_mnar,0.500000,4.582418,3.815310,3.457557,22.613743,0.159722,0.740278,4.898475,3.699804,0.508102,0.500000,0.000101
19,joint_variational_missingness,gp_plus_joint_variational_missingness,value_dependent_mnar,0.500000,4.589348,3.854585,3.461436,18.485332,0.162616,0.737384,4.882572,3.675707,0.508102,0.500000,0.000100
19,joint_generative_missingness,gp_plus_joint_generative_missingness,value_dependent_mnar,0.500000,4.854356,4.104407,3.956482,166.341034,0.038773,0.861227,5.152067,4.167731,0.508102,0.500000,0.000100
19,full_joint_jvi_training,gp_plus_joint_generative_jvi_training,value_dependent_mnar,0.500000,4.968779,4.220130,4.073133,173.252808,0.038773,0.861227,5.272321,4.290427,0.508102,0.500000,0.580250
19,gp_only,base_gp_only,value_dependent_mnar,0.700000,4.305564,3.531526,3.136368,15.370909,0.221065,0.678935,4.575373,3.339330,0.687500,0.699932,0.000000
19,homogeneous_missingness,gp_plus_homogeneous_missingness,value_dependent_mnar,0.700000,4.307541,3.533554,3.138369,15.374760,0.210069,0.689931,4.577232,3.341138,0.687500,0.699932,0.002933
19,sensor_conditional_plugin_missingness,gp_plus_sensor_conditional_missingness,value_dependent_mnar,0.700000,4.312464,3.538598,3.143873,15.482677,0.210069,0.689931,4.581860,3.346199,0.687500,0.699932,0.000100
19,joint_variational_missingness,gp_plus_joint_variational_missingness,value_dependent_mnar,0.700000,4.834175,4.093154,3.674360,18.446089,0.148727,0.751273,5.065451,3.822789,0.687500,0.699932,0.000100
19,joint_generative_missingness,gp_plus_joint_generative_missingness,value_dependent_mnar,0.700000,4.967247,4.217326,3.826365,23.680067,0.132523,0.767477,5.198707,3.971449,0.687500,0.699932,0.000106
19,full_joint_jvi_training,gp_plus_joint_generative_jvi_training,value_dependent_mnar,0.700000,5.041420,4.295872,4.107010,107.601021,0.050347,0.849653,5.269722,4.246629,0.687500,0.699932,0.751908
23,gp_only,base_gp_only,mar,0.300000,4.822291,4.063522,3.732105,30.399193,0.113426,0.786574,4.792992,3.699950,0.298611,0.300000,0.000000
23,homogeneous_missingness,gp_plus_homogeneous_missingness,mar,0.300000,4.851515,4.093496,3.764199,31.209896,0.113426,0.786574,4.822513,3.732565,0.298611,0.300000,0.001744
23,sensor_conditional_plugin_missingness,gp_plus_sensor_conditional_missingness,mar,0.300000,4.832206,4.073707,3.742735,30.627029,0.113426,0.786574,4.803007,3.710763,0.298611,0.300000,0.000100
23,joint_variational_missingness,gp_plus_joint_variational_missingness,mar,0.300000,4.765737,4.073957,3.743071,30.888138,0.103588,0.796412,4.752094,3.727562,0.298611,0.300000,0.000100
23,joint_generative_missingness,gp_plus_joint_generative_missingness,mar,0.300000,5.000747,4.282955,3.575484,7.378315,0.270833,0.629167,4.982483,3.553334,0.298611,0.300000,0.000100
23,full_joint_jvi_training,gp_plus_joint_generative_jvi_training,mar,0.300000,4.762605,4.049793,3.553102,13.599005,0.192130,0.707870,4.738656,3.526392,0.298611,0.300000,0.042735
23,gp_only,base_gp_only,mar,0.500000,4.598629,3.832183,3.474547,22.868631,0.159722,0.740278,4.660853,3.521270,0.501157,0.500000,0.000000
23,homogeneous_missingness,gp_plus_homogeneous_missingness,mar,0.500000,4.599614,3.833207,3.474331,22.706511,0.159722,0.740278,4.661850,3.521080,0.501157,0.500000,0.002322
23,sensor_conditional_plugin_missingness,gp_plus_sensor_conditional_missingness,mar,0.500000,4.604155,3.837922,3.481470,23.109159,0.151620,0.748380,4.666444,3.528345,0.501157,0.500000,0.000100
23,joint_variational_missingness,gp_plus_joint_variational_missingness,mar,0.500000,4.616377,3.895204,3.536594,24.023756,0.139468,0.760532,4.672947,3.585488,0.501157,0.500000,0.000100
23,joint_generative_missingness,gp_plus_joint_generative_missingness,mar,0.500000,4.819944,4.109222,3.354081,6.151918,0.330440,0.569560,4.875697,3.402037,0.501157,0.500000,0.000100
23,full_joint_jvi_training,gp_plus_joint_generative_jvi_training,mar,0.500000,4.949853,4.237392,3.283783,4.471404,0.458912,0.441088,5.013273,3.335282,0.501157,0.500000,0.876752
23,gp_only,base_gp_only,mar,0.700000,4.296020,3.521869,3.125705,15.194121,0.221065,0.678935,4.333718,3.164843,0.704282,0.700000,0.000000
23,homogeneous_missingness,gp_plus_homogeneous_missingness,mar,0.700000,4.296303,3.522152,3.122502,14.906713,0.221065,0.678935,4.333999,3.161626,0.704282,0.700000,0.004349
23,sensor_conditional_plugin_missingness,gp_plus_sensor_conditional_missingness,mar,0.700000,4.302873,3.528763,3.131013,15.129853,0.221065,0.678935,4.340499,3.170102,0.704282,0.700000,0.000100
23,joint_variational_missingness,gp_plus_joint_variational_missingness,mar,0.700000,4.954700,4.262578,3.838620,20.634542,0.130787,0.769213,4.976667,3.860731,0.704282,0.700000,0.000100
23,joint_generative_missingness,gp_plus_joint_generative_missingness,mar,0.700000,4.441290,3.694792,2.955902,4.986808,0.407407,0.492593,4.467360,2.981854,0.704282,0.700000,0.000100
23,full_joint_jvi_training,gp_plus_joint_generative_jvi_training,mar,0.700000,5.149199,4.417304,3.935833,17.118074,0.149884,0.750116,5.177594,3.965185,0.704282,0.700000,0.589541
23,gp_only,base_gp_only,state_dependent_mnar,0.300000,4.818888,4.060021,3.730848,30.783653,0.113426,0.786574,4.699276,3.626065,0.309606,0.300000,0.000000
23,homogeneous_missingness,gp_plus_homogeneous_missingness,state_dependent_mnar,0.300000,4.842939,4.084714,3.758381,31.683445,0.113426,0.786574,4.722534,3.651643,0.309606,0.300000,0.002003
23,sensor_conditional_plugin_missingness,gp_plus_sensor_conditional_missingness,state_dependent_mnar,0.300000,4.818781,4.059912,3.731313,30.894632,0.113426,0.786574,4.699173,3.626533,0.309606,0.300000,0.000100
23,joint_variational_missingness,gp_plus_joint_variational_missingness,state_dependent_mnar,0.300000,4.710796,4.054665,3.727247,31.127586,0.089120,0.810880,4.632376,3.637453,0.309606,0.300000,0.000100
23,joint_generative_missingness,gp_plus_joint_generative_missingness,state_dependent_mnar,0.300000,4.731726,4.015621,3.303368,6.426324,0.316551,0.583449,4.645296,3.223594,0.309606,0.300000,0.000100
23,full_joint_jvi_training,gp_plus_joint_generative_jvi_training,state_dependent_mnar,0.300000,4.701367,4.003018,3.580508,18.722940,0.155671,0.744329,4.597817,3.479777,0.309606,0.300000,0.169508
23,gp_only,base_gp_only,state_dependent_mnar,0.500000,4.576858,3.809515,3.454388,22.882896,0.159722,0.740278,4.499623,3.342819,0.491898,0.499848,0.000000
23,homogeneous_missingness,gp_plus_homogeneous_missingness,state_dependent_mnar,0.500000,4.577105,3.809768,3.452770,22.625484,0.159722,0.740278,4.499857,3.341241,0.491898,0.499848,0.002026
23,sensor_conditional_plugin_missingness,gp_plus_sensor_conditional_missingness,state_dependent_mnar,0.500000,4.579753,3.812531,3.454545,22.542809,0.159722,0.740278,4.502373,3.342865,0.491898,0.499848,0.000100
23,joint_variational_missingness,gp_plus_joint_variational_missingness,state_dependent_mnar,0.500000,4.263799,3.544044,3.202838,21.658157,0.173032,0.726968,4.205003,3.111981,0.491898,0.499848,0.000100
23,joint_generative_missingness,gp_plus_joint_generative_missingness,state_dependent_mnar,0.500000,4.512950,3.778635,2.974119,4.565037,0.435764,0.464236,4.444857,2.885943,0.491898,0.499848,0.000100
23,full_joint_jvi_training,gp_plus_joint_generative_jvi_training,state_dependent_mnar,0.500000,4.843703,4.123208,3.698553,19.442762,0.149306,0.750694,4.755230,3.570962,0.491898,0.499848,0.157583
23,gp_only,base_gp_only,state_dependent_mnar,0.700000,4.334249,3.560838,3.170259,16.070307,0.210069,0.689931,4.289224,3.100066,0.659722,0.669809,0.000000
23,homogeneous_missingness,gp_plus_homogeneous_missingness,state_dependent_mnar,0.700000,4.321322,3.547659,3.155656,15.800488,0.210069,0.689931,4.277018,3.086249,0.659722,0.669809,0.003780
23,sensor_conditional_plugin_missingness,gp_plus_sensor_conditional_missingness,state_dependent_mnar,0.700000,4.332440,3.558998,3.167527,15.973757,0.210069,0.689931,4.287516,3.097452,0.659722,0.669809,0.000100
23,joint_variational_missingness,gp_plus_joint_variational_missingness,state_dependent_mnar,0.700000,4.504457,3.799394,3.388019,17.477261,0.174190,0.725810,4.464075,3.322734,0.659722,0.669809,0.000100
23,joint_generative_missingness,gp_plus_joint_generative_missingness,state_dependent_mnar,0.700000,5.036889,4.313264,3.296782,4.151197,0.473380,0.426620,4.973719,3.216158,0.659722,0.669809,0.000100
23,full_joint_jvi_training,gp_plus_joint_generative_jvi_training,state_dependent_mnar,0.700000,4.901223,4.169378,3.235120,4.576078,0.491319,0.408681,4.830516,3.142381,0.659722,0.669809,0.815881
23,gp_only,base_gp_only,value_dependent_mnar,0.300000,4.834186,4.075738,3.748809,31.451366,0.113426,0.786574,5.061790,3.868917,0.291667,0.300000,0.000000
23,homogeneous_missingness,gp_plus_homogeneous_missingness,value_dependent_mnar,0.300000,4.849896,4.091838,3.763210,31.315918,0.113426,0.786574,5.076375,3.881829,0.291667,0.300000,0.002443
23,sensor_conditional_plugin_missingness,gp_plus_sensor_conditional_missingness,value_dependent_mnar,0.300000,4.855918,4.098000,3.772787,32.106396,0.113426,0.786574,5.081969,3.890756,0.291667,0.300000,0.000100
23,joint_variational_missingness,gp_plus_joint_variational_missingness,value_dependent_mnar,0.300000,4.572845,3.882930,3.563606,30.582304,0.116319,0.783681,4.768684,3.655843,0.291667,0.300000,0.000100
23,joint_generative_missingness,gp_plus_joint_generative_missingness,value_dependent_mnar,0.300000,4.903700,4.202133,3.507355,7.489429,0.280671,0.619329,5.097776,3.601501,0.291667,0.300000,0.000100
23,full_joint_jvi_training,gp_plus_joint_generative_jvi_training,value_dependent_mnar,0.300000,4.735207,4.027021,3.564250,15.498400,0.179398,0.720602,4.935273,3.661547,0.291667,0.300000,0.353273
23,gp_only,base_gp_only,value_dependent_mnar,0.500000,4.586330,3.819386,3.462252,22.754923,0.159722,0.740278,4.866248,3.658508,0.505787,0.500000,0.000000
23,homogeneous_missingness,gp_plus_homogeneous_missingness,value_dependent_mnar,0.500000,4.591531,3.824802,3.467003,22.727381,0.159722,0.740278,4.871194,3.662888,0.505787,0.500000,0.002897
23,sensor_conditional_plugin_missingness,gp_plus_sensor_conditional_missingness,value_dependent_mnar,0.500000,4.591470,3.824739,3.467843,22.863487,0.159722,0.740278,4.871137,3.663715,0.505787,0.500000,0.000100
23,joint_variational_missingness,gp_plus_joint_variational_missingness,value_dependent_mnar,0.500000,4.442751,3.734791,3.383514,22.790272,0.148148,0.751852,4.683781,3.537083,0.505787,0.500000,0.000100
23,joint_generative_missingness,gp_plus_joint_generative_missingness,value_dependent_mnar,0.500000,4.954342,4.264781,3.403145,5.260789,0.359954,0.540046,5.161573,3.531193,0.505787,0.500000,0.000100
23,full_joint_jvi_training,gp_plus_joint_generative_jvi_training,value_dependent_mnar,0.500000,5.198840,4.493379,4.049719,21.038063,0.123264,0.776736,5.430110,4.186707,0.505787,0.500000,0.488337
23,gp_only,base_gp_only,value_dependent_mnar,0.700000,4.308963,3.535012,3.139351,15.366958,0.210069,0.689931,4.544159,3.321718,0.693287,0.699932,0.000000
23,homogeneous_missingness,gp_plus_homogeneous_missingness,value_dependent_mnar,0.700000,4.307567,3.533580,3.138321,15.373246,0.210648,0.689352,4.542828,3.320765,0.693287,0.699932,0.004518
23,sensor_conditional_plugin_missingness,gp_plus_sensor_conditional_missingness,value_dependent_mnar,0.700000,4.314293,3.540470,3.146202,15.540785,0.210069,0.689931,4.549239,3.328207,0.693287,0.699932,0.000100
23,joint_variational_missingness,gp_plus_joint_variational_missingness,value_dependent_mnar,0.700000,4.972579,4.266851,3.834088,19.764114,0.134838,0.765162,5.160388,3.953747,0.693287,0.699932,0.000100
23,joint_generative_missingness,gp_plus_joint_generative_missingness,value_dependent_mnar,0.700000,4.701285,3.953489,3.075667,4.339185,0.456019,0.443981,4.912155,3.226370,0.693287,0.699932,0.000100
23,full_joint_jvi_training,gp_plus_joint_generative_jvi_training,value_dependent_mnar,0.700000,5.175211,4.451474,3.234437,3.519502,0.624421,0.275579,5.366420,3.365877,0.693287,0.699932,0.777745
29,gp_only,base_gp_only,mar,0.300000,4.850433,4.092388,3.755072,29.680660,0.120370,0.779630,5.095968,3.966609,0.293981,0.300000,0.000000
29,homogeneous_missingness,gp_plus_homogeneous_missingness,mar,0.300000,4.846059,4.087910,3.760271,31.479832,0.113426,0.786574,5.091509,3.971816,0.293981,0.300000,0.000424
29,sensor_conditional_plugin_missingness,gp_plus_sensor_conditional_missingness,mar,0.300000,4.852884,4.094896,3.764975,31.117800,0.113426,0.786574,5.098467,3.976587,0.293981,0.300000,0.000100
29,joint_variational_missingness,gp_plus_joint_variational_missingness,mar,0.300000,4.715686,3.978557,3.637304,26.518591,0.123264,0.776736,4.957133,3.839879,0.293981,0.300000,0.000100
29,joint_generative_missingness,gp_plus_joint_generative_missingness,mar,0.300000,4.999870,4.249263,4.139254,313.943939,0.030671,0.869329,5.246170,4.351285,0.293981,0.300000,0.000101
29,full_joint_jvi_training,gp_plus_joint_generative_jvi_training,mar,0.300000,5.132903,4.387196,4.287359,412.466095,0.027778,0.872222,5.384622,4.502989,0.293981,0.300000,0.159239
29,gp_only,base_gp_only,mar,0.500000,4.574206,3.806789,3.448786,22.463039,0.159722,0.740278,4.631274,3.516706,0.507523,0.500000,0.000000
29,homogeneous_missingness,gp_plus_homogeneous_missingness,mar,0.500000,4.585280,3.818293,3.459446,22.513708,0.159722,0.740278,4.642387,3.527515,0.507523,0.500000,0.000653
29,sensor_conditional_plugin_missingness,gp_plus_sensor_conditional_missingness,mar,0.500000,4.576880,3.809537,3.449663,22.252323,0.159722,0.740278,4.633957,3.517596,0.507523,0.500000,0.000100
29,joint_variational_missingness,gp_plus_joint_variational_missingness,mar,0.500000,4.716182,3.982962,3.620302,23.228415,0.131366,0.768634,4.772977,3.689049,0.507523,0.500000,0.000138
29,joint_generative_missingness,gp_plus_joint_generative_missingness,mar,0.500000,4.854050,4.102612,3.981296,243.028320,0.035301,0.864699,4.912111,4.054228,0.507523,0.500000,0.000103
29,full_joint_jvi_training,gp_plus_joint_generative_jvi_training,mar,0.500000,5.088037,4.340113,4.196200,191.931381,0.038773,0.861227,5.146093,4.269610,0.507523,0.500000,0.572941
29,gp_only,base_gp_only,mar,0.700000,4.296789,3.522638,3.124990,15.080998,0.221065,0.678935,4.339054,3.158092,0.685764,0.700000,0.000000
29,homogeneous_missingness,gp_plus_homogeneous_missingness,mar,0.700000,4.303247,3.529147,3.133365,15.296174,0.221065,0.678935,4.345481,3.166413,0.685764,0.700000,0.001151
29,sensor_conditional_plugin_missingness,gp_plus_sensor_conditional_missingness,mar,0.700000,4.300522,3.526366,3.129365,15.165832,0.221065,0.678935,4.342770,3.162436,0.685764,0.700000,0.000100
29,joint_variational_missingness,gp_plus_joint_variational_missingness,mar,0.700000,4.707370,3.976221,3.502327,13.551286,0.186343,0.713657,4.741066,3.526621,0.685764,0.700000,0.000100
29,joint_generative_missingness,gp_plus_joint_generative_missingness,mar,0.700000,5.085438,4.340241,4.222463,282.491486,0.032986,0.867014,5.124058,4.249065,0.685764,0.700000,0.000100
29,full_joint_jvi_training,gp_plus_joint_generative_jvi_training,mar,0.700000,5.115003,4.369750,4.266183,372.685120,0.027778,0.872222,5.153125,4.291809,0.685764,0.700000,0.412785
29,gp_only,base_gp_only,state_dependent_mnar,0.300000,4.834894,4.076465,3.750492,31.654627,0.113426,0.786574,4.648323,3.546042,0.289931,0.300000,0.000000
29,homogeneous_missingness,gp_plus_homogeneous_missingness,state_dependent_mnar,0.300000,4.832432,4.073939,3.750902,32.223839,0.113426,0.786574,4.645998,3.546538,0.289931,0.300000,0.000327
29,sensor_conditional_plugin_missingness,gp_plus_sensor_conditional_missingness,state_dependent_mnar,0.300000,4.832607,4.074119,3.747573,31.505848,0.113426,0.786574,4.646164,3.543279,0.289931,0.300000,0.000100
29,joint_variational_missingness,gp_plus_joint_variational_missingness,state_dependent_mnar,0.300000,4.420723,3.686673,3.370301,27.217680,0.142361,0.757639,4.255744,3.193029,0.289931,0.300000,0.000149
29,joint_generative_missingness,gp_plus_joint_generative_missingness,state_dependent_mnar,0.300000,5.029215,4.281365,4.177866,358.414520,0.030093,0.869907,4.830887,3.959547,0.289931,0.300000,0.000100
29,full_joint_jvi_training,gp_plus_joint_generative_jvi_training,state_dependent_mnar,0.300000,5.000221,4.249679,4.133762,289.951355,0.031829,0.868171,4.805919,3.918716,0.289931,0.300000,0.245462
29,gp_only,base_gp_only,state_dependent_mnar,0.500000,4.585809,3.818844,3.462687,22.878927,0.159722,0.740278,4.638464,3.473640,0.508102,0.499848,0.000000
29,homogeneous_missingness,gp_plus_homogeneous_missingness,state_dependent_mnar,0.500000,4.582194,3.815076,3.457963,22.697842,0.159722,0.740278,4.634978,3.469154,0.508102,0.499848,0.000580
29,sensor_conditional_plugin_missingness,gp_plus_sensor_conditional_missingness,state_dependent_mnar,0.500000,4.578957,3.811700,3.454519,22.637892,0.159722,0.740278,4.631856,3.465899,0.508102,0.499848,0.000100
29,joint_variational_missingness,gp_plus_joint_variational_missingness,state_dependent_mnar,0.500000,4.602553,3.856817,3.496427,23.049301,0.155093,0.744907,4.646576,3.498994,0.508102,0.499848,0.000108
29,joint_generative_missingness,gp_plus_joint_generative_missingness,state_dependent_mnar,0.500000,4.941712,4.191718,4.099903,444.203278,0.026042,0.873958,4.982168,4.090910,0.508102,0.499848,0.000124
29,full_joint_jvi_training,gp_plus_joint_generative_jvi_training,state_dependent_mnar,0.500000,4.894849,4.162296,3.774058,23.252604,0.127894,0.772106,4.933259,3.766111,0.508102,0.499848,0.354804
29,gp_only,base_gp_only,state_dependent_mnar,0.700000,4.324002,3.550394,3.158791,15.872008,0.210069,0.689931,4.321421,3.124071,0.670718,0.669809,0.000000
29,homogeneous_missingness,gp_plus_homogeneous_missingness,state_dependent_mnar,0.700000,4.329284,3.555782,3.165579,16.052113,0.210069,0.689931,4.326356,3.130334,0.670718,0.669809,0.000861
29,sensor_conditional_plugin_missingness,gp_plus_sensor_conditional_missingness,state_dependent_mnar,0.700000,4.325702,3.552130,3.160707,15.905967,0.210069,0.689931,4.323009,3.125824,0.670718,0.669809,0.000102
29,joint_variational_missingness,gp_plus_joint_variational_missingness,state_dependent_mnar,0.700000,4.691612,3.956530,3.551484,18.501375,0.157407,0.742593,4.665254,3.480880,0.670718,0.669809,0.000101
29,joint_generative_missingness,gp_plus_joint_generative_missingness,state_dependent_mnar,0.700000,4.743092,3.988748,3.897244,411.857086,0.025463,0.874537,4.715829,3.820729,0.670718,0.669809,0.000102
29,full_joint_jvi_training,gp_plus_joint_generative_jvi_training,state_dependent_mnar,0.700000,4.859048,4.106307,4.058285,1620.976318,0.013310,0.886690,4.826360,3.973048,0.670718,0.669809,0.206434
29,gp_only,base_gp_only,value_dependent_mnar,0.300000,4.832137,4.073637,3.746222,31.324863,0.113426,0.786574,5.101815,3.945874,0.304398,0.300000,0.000000
29,homogeneous_missingness,gp_plus_homogeneous_missingness,value_dependent_mnar,0.300000,4.815034,4.056056,3.725714,30.502268,0.113426,0.786574,5.085705,3.926833,0.304398,0.300000,0.000457
29,sensor_conditional_plugin_missingness,gp_plus_sensor_conditional_missingness,value_dependent_mnar,0.300000,4.816261,4.057319,3.726718,30.467871,0.113426,0.786574,5.086861,3.927736,0.304398,0.300000,0.000100
29,joint_variational_missingness,gp_plus_joint_variational_missingness,value_dependent_mnar,0.300000,5.094544,4.363503,4.036376,35.196587,0.086227,0.813773,5.340277,4.205428,0.304398,0.300000,0.000100
29,joint_generative_missingness,gp_plus_joint_generative_missingness,value_dependent_mnar,0.300000,4.976111,4.227915,4.125152,354.455109,0.029514,0.870486,5.232354,4.306270,0.304398,0.300000,0.000100
29,full_joint_jvi_training,gp_plus_joint_generative_jvi_training,value_dependent_mnar,0.300000,5.087050,4.340475,4.221984,288.416992,0.034722,0.865278,5.341660,4.398271,0.304398,0.300000,0.309524
29,gp_only,base_gp_only,value_dependent_mnar,0.500000,4.592144,3.825439,3.469503,23.003304,0.159722,0.740278,4.835218,3.614600,0.497106,0.500000,0.000000
29,homogeneous_missingness,gp_plus_homogeneous_missingness,value_dependent_mnar,0.500000,4.586877,3.819957,3.464402,22.979013,0.159722,0.740278,4.830182,3.609892,0.497106,0.500000,0.000651
29,sensor_conditional_plugin_missingness,gp_plus_sensor_conditional_missingness,value_dependent_mnar,0.500000,4.593968,3.827338,3.470354,22.888378,0.159722,0.740278,4.836965,3.615329,0.497106,0.500000,0.000100
29,joint_variational_missingness,gp_plus_joint_variational_missingness,value_dependent_mnar,0.500000,5.053277,4.331572,3.975391,28.428049,0.096644,0.803356,5.263854,4.073967,0.497106,0.500000,0.000119
29,joint_generative_missingness,gp_plus_joint_generative_missingness,value_dependent_mnar,0.500000,4.835683,4.083304,3.987729,394.408051,0.024884,0.875116,5.066500,4.110536,0.497106,0.500000,0.000105
29,full_joint_jvi_training,gp_plus_joint_generative_jvi_training,value_dependent_mnar,0.500000,5.142765,4.400590,4.223658,130.439850,0.046296,0.853704,5.360605,4.326448,0.497106,0.500000,0.498420
29,gp_only,base_gp_only,value_dependent_mnar,0.700000,4.308990,3.535039,3.139799,15.401964,0.210069,0.689931,4.528891,3.306109,0.706597,0.699932,0.000000
29,homogeneous_missingness,gp_plus_homogeneous_missingness,value_dependent_mnar,0.700000,4.309556,3.535620,3.140895,15.451647,0.210069,0.689931,4.529426,3.307148,0.706597,0.699932,0.000409
29,sensor_conditional_plugin_missingness,gp_plus_sensor_conditional_missingness,value_dependent_mnar,0.700000,4.305178,3.531130,3.135900,15.360682,0.221065,0.678935,4.525299,3.302559,0.706597,0.699932,0.000103
29,joint_variational_missingness,gp_plus_joint_variational_missingness,value_dependent_mnar,0.700000,4.753328,4.016709,3.579242,16.221972,0.163773,0.736227,4.938146,3.694742,0.706597,0.699932,0.000115
29,joint_generative_missingness,gp_plus_joint_generative_missingness,value_dependent_mnar,0.700000,4.767386,4.011801,3.918015,397.883087,0.024884,0.875116,4.961767,4.040814,0.706597,0.699932,0.000114
29,full_joint_jvi_training,gp_plus_joint_generative_jvi_training,value_dependent_mnar,0.700000,4.986866,4.235954,4.080219,159.669006,0.041667,0.858333,5.171448,4.187442,0.706597,0.699932,0.578451
